Date,FXE
2007-01-03,131.72000122070312
2007-01-04,130.92999267578125
2007-01-05,130.08999633789062
2007-01-08,130.27000427246094
2007-01-09,130.05999755859375
2007-01-10,129.57000732421875
2007-01-11,129.10000610351562
2007-01-12,129.35000610351562
2007-01-16,129.3699951171875
2007-01-17,129.47999572753906
2007-01-18,129.82000732421875
2007-01-19,129.86000061035156
2007-01-22,129.74000549316406
2007-01-23,130.5399932861328
2007-01-24,129.9499969482422
2007-01-25,129.72000122070312
2007-01-26,129.47000122070312
2007-01-29,129.83999633789062
2007-01-30,130.02999877929688
2007-01-31,130.75
2007-02-01,130.24000549316406
2007-02-02,129.72999572753906
2007-02-05,129.3699951171875
2007-02-06,129.88999938964844
2007-02-07,130.2100067138672
2007-02-08,130.50999450683594
2007-02-09,130.16000366210938
2007-02-12,129.77000427246094
2007-02-13,130.5
2007-02-14,131.47999572753906
2007-02-15,131.63999938964844
2007-02-16,131.60000610351562
2007-02-20,131.58999633789062
2007-02-21,131.64999389648438
2007-02-22,131.47999572753906
2007-02-23,131.94000244140625
2007-02-26,132.13999938964844
2007-02-27,132.67999267578125
2007-02-28,132.64999389648438
2007-03-01,131.91000366210938
2007-03-02,132.0
2007-03-05,131.0
2007-03-06,131.35000610351562
2007-03-07,131.92999267578125
2007-03-08,131.50999450683594
2007-03-09,131.27000427246094
2007-03-12,132.13999938964844
2007-03-13,132.11000061035156
2007-03-14,132.41000366210938
2007-03-15,132.5500030517578
2007-03-16,133.3800048828125
2007-03-19,133.22999572753906
2007-03-20,133.47000122070312
2007-03-21,134.14999389648438
2007-03-22,133.66000366210938
2007-03-23,133.22999572753906
2007-03-26,133.64999389648438
2007-03-27,133.88999938964844
2007-03-28,133.44000244140625
2007-03-29,133.67999267578125
2007-03-30,133.92999267578125
2007-04-02,133.82000732421875
2007-04-03,133.42999267578125
2007-04-04,133.6999969482422
2007-04-05,134.41000366210938
2007-04-09,133.63999938964844
2007-04-10,134.4600067138672
2007-04-11,134.52000427246094
2007-04-12,135.02999877929688
2007-04-13,135.60000610351562
2007-04-16,135.66000366210938
2007-04-17,135.8699951171875
2007-04-18,136.13999938964844
2007-04-19,136.33999633789062
2007-04-20,136.19000244140625
2007-04-23,136.0
2007-04-24,136.64999389648438
2007-04-25,136.74000549316406
2007-04-26,136.32000732421875
2007-04-27,136.94000244140625
2007-04-30,136.91000366210938
2007-05-01,136.13999938964844
2007-05-02,136.0
2007-05-03,135.60000610351562
2007-05-04,136.05999755859375
2007-05-07,136.07000732421875
2007-05-08,135.50999450683594
2007-05-09,135.5399932861328
2007-05-10,135.0
2007-05-11,135.49000549316406
2007-05-14,135.57000732421875
2007-05-15,136.0
2007-05-16,135.44000244140625
2007-05-17,135.10000610351562
2007-05-18,135.3800048828125
2007-05-21,134.94000244140625
2007-05-22,134.69000244140625
2007-05-23,134.92999267578125
2007-05-24,134.5500030517578
2007-05-25,134.75
2007-05-29,134.77000427246094
2007-05-30,134.69000244140625
2007-05-31,134.86000061035156
2007-06-01,134.3000030517578
2007-06-04,134.9199981689453
2007-06-05,135.25999450683594
2007-06-06,135.05999755859375
2007-06-07,134.2899932861328
2007-06-08,133.7100067138672
2007-06-11,133.64999389648438
2007-06-12,133.14999389648438
2007-06-13,133.36000061035156
2007-06-14,133.2899932861328
2007-06-15,133.99000549316406
2007-06-18,134.25999450683594
2007-06-19,134.42999267578125
2007-06-20,134.3000030517578
2007-06-21,134.13999938964844
2007-06-22,134.9199981689453
2007-06-25,134.9600067138672
2007-06-26,134.8699951171875
2007-06-27,134.80999755859375
2007-06-28,134.8000030517578
2007-06-29,135.7100067138672
2007-07-02,136.30999755859375
2007-07-03,136.25
2007-07-05,136.1300048828125
2007-07-06,136.39999389648438
2007-07-09,136.2899932861328
2007-07-10,137.4499969482422
2007-07-11,137.67999267578125
2007-07-12,138.02000427246094
2007-07-13,138.0800018310547
2007-07-16,138.0
2007-07-17,138.0
2007-07-18,138.1999969482422
2007-07-19,138.17999267578125
2007-07-20,138.50999450683594
2007-07-23,138.27999877929688
2007-07-24,138.47999572753906
2007-07-25,137.49000549316406
2007-07-26,137.74000549316406
2007-07-27,136.74000549316406
2007-07-30,137.35000610351562
2007-07-31,137.24000549316406
2007-08-01,136.6999969482422
2007-08-02,137.0399932861328
2007-08-03,137.91000366210938
2007-08-06,137.8800048828125
2007-08-07,137.5399932861328
2007-08-08,138.0800018310547
2007-08-09,136.91000366210938
2007-08-10,137.0500030517578
2007-08-13,136.25
2007-08-14,135.50999450683594
2007-08-15,134.63999938964844
2007-08-16,134.3300018310547
2007-08-17,135.11000061035156
2007-08-20,135.10000610351562
2007-08-21,134.9199981689453
2007-08-22,135.67999267578125
2007-08-23,135.8699951171875
2007-08-24,136.99000549316406
2007-08-27,136.8000030517578
2007-08-28,136.47999572753906
2007-08-29,137.10000610351562
2007-08-30,136.60000610351562
2007-08-31,136.6199951171875
2007-09-04,136.08999633789062
2007-09-05,136.60000610351562
2007-09-06,136.91000366210938
2007-09-07,137.85000610351562
2007-09-10,138.1300048828125
2007-09-11,138.50999450683594
2007-09-12,139.25
2007-09-13,139.00999450683594
2007-09-14,138.99000549316406
2007-09-17,138.86000061035156
2007-09-18,140.0
2007-09-19,139.8699951171875
2007-09-20,141.02999877929688
2007-09-21,141.22999572753906
2007-09-24,141.14999389648438
2007-09-25,141.7899932861328
2007-09-26,141.64999389648438
2007-09-27,141.91000366210938
2007-09-28,143.02999877929688
2007-10-01,142.42999267578125
2007-10-02,141.25
2007-10-03,140.9600067138672
2007-10-04,141.47999572753906
2007-10-05,141.50999450683594
2007-10-08,140.5500030517578
2007-10-09,141.27999877929688
2007-10-10,141.66000366210938
2007-10-11,142.05999755859375
2007-10-12,142.3000030517578
2007-10-15,142.30999755859375
2007-10-16,141.91000366210938
2007-10-17,142.2899932861328
2007-10-18,143.3000030517578
2007-10-19,143.27000427246094
2007-10-22,141.97000122070312
2007-10-23,142.9199981689453
2007-10-24,143.02000427246094
2007-10-25,143.5800018310547
2007-10-26,144.3699951171875
2007-10-29,144.6999969482422
2007-10-30,144.8300018310547
2007-10-31,145.1199951171875
2007-11-01,144.47999572753906
2007-11-02,145.24000549316406
2007-11-05,144.9199981689453
2007-11-06,145.80999755859375
2007-11-07,146.47999572753906
2007-11-08,146.97000122070312
2007-11-09,146.86000061035156
2007-11-12,145.52999877929688
2007-11-13,146.22000122070312
2007-11-14,146.72999572753906
2007-11-15,146.61000061035156
2007-11-16,146.72999572753906
2007-11-19,147.05999755859375
2007-11-20,148.5500030517578
2007-11-21,148.83999633789062
2007-11-23,148.57000732421875
2007-11-26,149.22999572753906
2007-11-27,148.75999450683594
2007-11-28,148.66000366210938
2007-11-29,147.86000061035156
2007-11-30,146.75999450683594
2007-12-03,146.72999572753906
2007-12-04,147.69000244140625
2007-12-05,146.1999969482422
2007-12-06,146.35000610351562
2007-12-07,146.60000610351562
2007-12-10,147.27000427246094
2007-12-11,146.5
2007-12-12,147.36000061035156
2007-12-13,146.41000366210938
2007-12-14,144.39999389648438
2007-12-17,144.1199951171875
2007-12-18,144.25
2007-12-19,144.05999755859375
2007-12-20,143.4600067138672
2007-12-21,144.0399932861328
2007-12-24,144.3300018310547
2007-12-26,145.25999450683594
2007-12-27,146.57000732421875
2007-12-28,147.66000366210938
2007-12-31,146.39999389648438
2008-01-02,147.27999877929688
2008-01-03,147.67999267578125
2008-01-04,147.75999450683594
2008-01-07,147.17999267578125
2008-01-08,147.32000732421875
2008-01-09,146.91000366210938
2008-01-10,148.22999572753906
2008-01-11,147.97999572753906
2008-01-14,149.02999877929688
2008-01-15,148.6199951171875
2008-01-16,146.80999755859375
2008-01-17,146.8699951171875
2008-01-18,146.52000427246094
2008-01-22,146.4600067138672
2008-01-23,146.69000244140625
2008-01-24,148.1999969482422
2008-01-25,147.07000732421875
2008-01-28,148.1999969482422
2008-01-29,148.25
2008-01-30,149.35000610351562
2008-01-31,149.25999450683594
2008-02-01,148.0399932861328
2008-02-04,148.33999633789062
2008-02-05,146.42999267578125
2008-02-06,146.30999755859375
2008-02-07,144.83999633789062
2008-02-08,145.25
2008-02-11,145.33999633789062
2008-02-12,145.99000549316406
2008-02-13,145.92999267578125
2008-02-14,146.58999633789062
2008-02-15,147.0399932861328
2008-02-19,147.52999877929688
2008-02-20,147.3800048828125
2008-02-21,148.47999572753906
2008-02-22,148.6199951171875
2008-02-25,148.57000732421875
2008-02-26,150.1199951171875
2008-02-27,151.7899932861328
2008-02-28,152.5500030517578
2008-02-29,152.2899932861328
2008-03-03,152.14999389648438
2008-03-04,152.14999389648438
2008-03-05,152.6699981689453
2008-03-06,153.97999572753906
2008-03-07,153.58999633789062
2008-03-10,153.83999633789062
2008-03-11,153.3000030517578
2008-03-12,155.75999450683594
2008-03-13,156.30999755859375
2008-03-14,156.97999572753906
2008-03-17,157.75
2008-03-18,156.66000366210938
2008-03-19,156.44000244140625
2008-03-20,154.60000610351562
2008-03-24,154.4499969482422
2008-03-25,156.49000549316406
2008-03-26,158.72000122070312
2008-03-27,158.2100067138672
2008-03-28,158.5
2008-03-31,158.2899932861328
2008-04-01,156.0399932861328
2008-04-02,156.8699951171875
2008-04-03,156.67999267578125
2008-04-04,157.4199981689453
2008-04-07,157.22999572753906
2008-04-08,157.1999969482422
2008-04-09,158.3800048828125
2008-04-10,157.75999450683594
2008-04-11,158.57000732421875
2008-04-14,158.42999267578125
2008-04-15,157.9600067138672
2008-04-16,159.86000061035156
2008-04-17,159.11000061035156
2008-04-18,158.33999633789062
2008-04-21,159.42999267578125
2008-04-22,160.10000610351562
2008-04-23,159.27999877929688
2008-04-24,157.25
2008-04-25,156.42999267578125
2008-04-28,156.80999755859375
2008-04-29,156.0800018310547
2008-04-30,156.52999877929688
2008-05-01,154.66000366210938
2008-05-02,154.1199951171875
2008-05-05,154.82000732421875
2008-05-06,155.2100067138672
2008-05-07,154.1300048828125
2008-05-08,154.08999633789062
2008-05-09,154.9600067138672
2008-05-12,155.5500030517578
2008-05-13,155.02000427246094
2008-05-14,154.8300018310547
2008-05-15,154.8699951171875
2008-05-16,156.25999450683594
2008-05-19,155.35000610351562
2008-05-20,156.94000244140625
2008-05-21,158.2100067138672
2008-05-22,157.50999450683594
2008-05-23,158.1699981689453
2008-05-27,157.35000610351562
2008-05-28,156.89999389648438
2008-05-29,155.49000549316406
2008-05-30,156.07000732421875
2008-06-02,155.44000244140625
2008-06-03,154.69000244140625
2008-06-04,154.47999572753906
2008-06-05,156.10000610351562
2008-06-06,157.8699951171875
2008-06-09,156.4600067138672
2008-06-10,154.72999572753906
2008-06-11,155.75999450683594
2008-06-12,154.4600067138672
2008-06-13,153.86000061035156
2008-06-16,155.0
2008-06-17,155.38999938964844
2008-06-18,155.61000061035156
2008-06-19,155.32000732421875
2008-06-20,156.58999633789062
2008-06-23,155.60000610351562
2008-06-24,156.02999877929688
2008-06-25,157.11000061035156
2008-06-26,158.07000732421875
2008-06-27,158.22000122070312
2008-06-30,157.82000732421875
2008-07-01,157.88999938964844
2008-07-02,158.80999755859375
2008-07-03,157.02000427246094
2008-07-07,157.27000427246094
2008-07-08,156.64999389648438
2008-07-09,157.55999755859375
2008-07-10,157.99000549316406
2008-07-11,159.44000244140625
2008-07-14,159.38999938964844
2008-07-15,159.2899932861328
2008-07-16,158.4499969482422
2008-07-17,158.61000061035156
2008-07-18,158.69000244140625
2008-07-21,159.35000610351562
2008-07-22,158.19000244140625
2008-07-23,157.24000549316406
2008-07-24,157.25999450683594
2008-07-25,157.4199981689453
2008-07-28,157.85000610351562
2008-07-29,156.3800048828125
2008-07-30,156.25999450683594
2008-07-31,156.52999877929688
2008-08-01,155.47000122070312
2008-08-04,155.9600067138672
2008-08-05,154.6999969482422
2008-08-06,154.27999877929688
2008-08-07,153.36000061035156
2008-08-08,150.32000732421875
2008-08-11,149.19000244140625
2008-08-12,149.4199981689453
2008-08-13,149.5
2008-08-14,148.3000030517578
2008-08-15,146.9600067138672
2008-08-18,147.27000427246094
2008-08-19,148.16000366210938
2008-08-20,147.75999450683594
2008-08-21,149.24000549316406
2008-08-22,148.11000061035156
2008-08-25,147.91000366210938
2008-08-26,146.83999633789062
2008-08-27,147.6300048828125
2008-08-28,147.39999389648438
2008-08-29,147.1999969482422
2008-09-02,145.1300048828125
2008-09-03,145.16000366210938
2008-09-04,143.33999633789062
2008-09-05,142.4600067138672
2008-09-08,141.6199951171875
2008-09-09,141.16000366210938
2008-09-10,140.38999938964844
2008-09-11,139.72999572753906
2008-09-12,142.3800048828125
2008-09-15,143.33999633789062
2008-09-16,141.6199951171875
2008-09-17,143.80999755859375
2008-09-18,143.30999755859375
2008-09-19,145.27999877929688
2008-09-22,148.8800048828125
2008-09-23,147.38999938964844
2008-09-24,146.4499969482422
2008-09-25,146.57000732421875
2008-09-26,146.50999450683594
2008-09-29,144.64999389648438
2008-09-30,140.92999267578125
2008-10-01,140.07000732421875
2008-10-02,137.97000122070312
2008-10-03,137.80999755859375
2008-10-06,134.97999572753906
2008-10-07,136.02000427246094
2008-10-08,136.75999450683594
2008-10-09,136.0800018310547
2008-10-10,133.97000122070312
2008-10-13,136.0
2008-10-14,136.5
2008-10-15,135.02999877929688
2008-10-16,134.58999633789062
2008-10-17,133.9499969482422
2008-10-20,133.4499969482422
2008-10-21,130.6699981689453
2008-10-22,128.27000427246094
2008-10-23,129.10000610351562
2008-10-24,125.88999938964844
2008-10-27,125.38999938964844
2008-10-28,127.19999694824219
2008-10-29,129.66000366210938
2008-10-30,129.63999938964844
2008-10-31,127.69000244140625
2008-11-03,126.25
2008-11-04,130.08999633789062
2008-11-05,129.1199951171875
2008-11-06,127.26000213623047
2008-11-07,127.69999694824219
2008-11-10,127.41999816894531
2008-11-11,125.27999877929688
2008-11-12,124.8499984741211
2008-11-13,128.67999267578125
2008-11-14,127.05999755859375
2008-11-17,126.62999725341797
2008-11-18,126.31999969482422
2008-11-19,125.41000366210938
2008-11-20,124.91999816894531
2008-11-21,125.98999786376953
2008-11-24,129.3300018310547
2008-11-25,131.10000610351562
2008-11-26,129.3300018310547
2008-11-28,127.36000061035156
2008-12-01,125.93000030517578
2008-12-02,127.1500015258789
2008-12-03,127.16000366210938
2008-12-04,128.02999877929688
2008-12-05,127.31999969482422
2008-12-08,129.5
2008-12-09,129.27999877929688
2008-12-10,130.33999633789062
2008-12-11,133.61000061035156
2008-12-12,133.97999572753906
2008-12-15,137.30999755859375
2008-12-16,141.52999877929688
2008-12-17,144.17999267578125
2008-12-18,142.63999938964844
2008-12-19,139.1300048828125
2008-12-22,139.49000549316406
2008-12-23,139.69000244140625
2008-12-24,139.7899932861328
2008-12-26,140.83999633789062
2008-12-29,139.97999572753906
2008-12-30,140.97999572753906
2008-12-31,139.88999938964844
2009-01-02,138.60000610351562
2009-01-05,135.75999450683594
2009-01-06,135.1999969482422
2009-01-07,136.30999755859375
2009-01-08,137.30999755859375
2009-01-09,134.36000061035156
2009-01-12,133.8300018310547
2009-01-13,131.97999572753906
2009-01-14,131.69000244140625
2009-01-15,131.7100067138672
2009-01-16,133.00999450683594
2009-01-20,128.9199981689453
2009-01-21,130.30999755859375
2009-01-22,130.19000244140625
2009-01-23,129.9499969482422
2009-01-26,131.8699951171875
2009-01-27,132.0399932861328
2009-01-28,131.5399932861328
2009-01-29,129.7899932861328
2009-01-30,128.22999572753906
2009-02-02,128.42999267578125
2009-02-03,130.38999938964844
2009-02-04,128.52000427246094
2009-02-05,127.97000122070312
2009-02-06,129.25999450683594
2009-02-09,130.14999389648438
2009-02-10,128.8699951171875
2009-02-11,128.9499969482422
2009-02-12,128.6199951171875
2009-02-13,128.88999938964844
2009-02-17,126.08999633789062
2009-02-18,125.55000305175781
2009-02-19,126.58000183105469
2009-02-20,128.38999938964844
2009-02-23,127.05000305175781
2009-02-24,128.47000122070312
2009-02-25,127.16999816894531
2009-02-26,127.4000015258789
2009-02-27,126.80000305175781
2009-03-02,125.70999908447266
2009-03-03,125.83000183105469
2009-03-04,126.37999725341797
2009-03-05,125.5999984741211
2009-03-06,126.3499984741211
2009-03-09,126.08000183105469
2009-03-10,126.77999877929688
2009-03-11,128.50999450683594
2009-03-12,129.2899932861328
2009-03-13,129.19000244140625
2009-03-16,129.6199951171875
2009-03-17,130.19000244140625
2009-03-18,134.97000122070312
2009-03-19,136.77000427246094
2009-03-20,135.67999267578125
2009-03-23,136.5500030517578
2009-03-24,134.63999938964844
2009-03-25,135.99000549316406
2009-03-26,135.24000549316406
2009-03-27,133.02999877929688
2009-03-30,131.9600067138672
2009-03-31,132.8699951171875
2009-04-01,132.35000610351562
2009-04-02,134.39999389648438
2009-04-03,134.85000610351562
2009-04-06,134.10000610351562
2009-04-07,132.69000244140625
2009-04-08,132.50999450683594
2009-04-09,131.6699981689453
2009-04-13,133.7899932861328
2009-04-14,132.75
2009-04-15,132.27999877929688
2009-04-16,131.69000244140625
2009-04-17,130.24000549316406
2009-04-20,129.25
2009-04-21,129.44000244140625
2009-04-22,129.9499969482422
2009-04-23,131.4199981689453
2009-04-24,132.47000122070312
2009-04-27,130.3800048828125
2009-04-28,131.4600067138672
2009-04-29,132.52999877929688
2009-04-30,132.3300018310547
2009-05-01,132.66000366210938
2009-05-04,134.0399932861328
2009-05-05,133.1999969482422
2009-05-06,133.27999877929688
2009-05-07,133.85000610351562
2009-05-08,136.24000549316406
2009-05-11,135.85000610351562
2009-05-12,136.3800048828125
2009-05-13,135.85000610351562
2009-05-14,136.35000610351562
2009-05-15,134.89999389648438
2009-05-18,135.5500030517578
2009-05-19,136.35000610351562
2009-05-20,137.7100067138672
2009-05-21,139.05999755859375
2009-05-22,140.0500030517578
2009-05-26,139.80999755859375
2009-05-27,139.02000427246094
2009-05-28,139.41000366210938
2009-05-29,141.3800048828125
2009-06-01,141.61000061035156
2009-06-02,143.24000549316406
2009-06-03,141.52999877929688
2009-06-04,141.8000030517578
2009-06-05,139.6699981689453
2009-06-08,139.07000732421875
2009-06-09,140.77000427246094
2009-06-10,139.92999267578125
2009-06-11,141.05999755859375
2009-06-12,139.99000549316406
2009-06-15,137.99000549316406
2009-06-16,138.36000061035156
2009-06-17,139.49000549316406
2009-06-18,138.91000366210938
2009-06-19,139.4600067138672
2009-06-22,138.64999389648438
2009-06-23,140.75999450683594
2009-06-24,139.4199981689453
2009-06-25,139.91000366210938
2009-06-26,140.7100067138672
2009-06-29,140.82000732421875
2009-06-30,140.3300018310547
2009-07-01,141.44000244140625
2009-07-02,140.0
2009-07-06,139.80999755859375
2009-07-07,139.11000061035156
2009-07-08,138.8000030517578
2009-07-09,140.32000732421875
2009-07-10,139.4499969482422
2009-07-13,139.9499969482422
2009-07-14,139.3800048828125
2009-07-15,141.07000732421875
2009-07-16,141.39999389648438
2009-07-17,141.00999450683594
2009-07-20,142.25
2009-07-21,141.97000122070312
2009-07-22,142.05999755859375
2009-07-23,141.9499969482422
2009-07-24,142.14999389648438
2009-07-27,142.3699951171875
2009-07-28,141.6999969482422
2009-07-29,140.3300018310547
2009-07-30,140.60000610351562
2009-07-31,142.47000122070312
2009-08-03,144.07000732421875
2009-08-04,143.9499969482422
2009-08-05,144.08999633789062
2009-08-06,143.50999450683594
2009-08-07,141.6699981689453
2009-08-10,141.3300018310547
2009-08-11,141.4199981689453
2009-08-12,142.02999877929688
2009-08-13,142.77000427246094
2009-08-14,141.86000061035156
2009-08-17,140.7899932861328
2009-08-18,141.1999969482422
2009-08-19,142.25
2009-08-20,142.5
2009-08-21,143.3000030517578
2009-08-24,142.85000610351562
2009-08-25,143.0800018310547
2009-08-26,142.4600067138672
2009-08-27,143.52000427246094
2009-08-28,142.94000244140625
2009-08-31,143.2899932861328
2009-09-01,142.0800018310547
2009-09-02,142.64999389648438
2009-09-03,142.44000244140625
2009-09-04,142.9600067138672
2009-09-08,144.88999938964844
2009-09-09,145.4600067138672
2009-09-10,145.7899932861328
2009-09-11,145.74000549316406
2009-09-14,146.1300048828125
2009-09-15,146.6699981689453
2009-09-16,147.19000244140625
2009-09-17,147.25
2009-09-18,146.92999267578125
2009-09-21,146.6699981689453
2009-09-22,147.88999938964844
2009-09-23,147.3000030517578
2009-09-24,146.42999267578125
2009-09-25,146.55999755859375
2009-09-28,145.9600067138672
2009-09-29,145.58999633789062
2009-09-30,146.22999572753906
2009-10-01,145.0800018310547
2009-10-02,145.58999633789062
2009-10-05,146.3699951171875
2009-10-06,147.07000732421875
2009-10-07,146.67999267578125
2009-10-08,147.66000366210938
2009-10-09,146.92999267578125
2009-10-12,147.67999267578125
2009-10-13,148.1699981689453
2009-10-14,149.05999755859375
2009-10-15,149.2100067138672
2009-10-16,148.8000030517578
2009-10-19,149.30999755859375
2009-10-20,149.14999389648438
2009-10-21,149.85000610351562
2009-10-22,150.13999938964844
2009-10-23,149.80999755859375
2009-10-26,148.47999572753906
2009-10-27,147.77000427246094
2009-10-28,146.97000122070312
2009-10-29,148.14999389648438
2009-10-30,147.02000427246094
2009-11-02,147.52000427246094
2009-11-03,146.92999267578125
2009-11-04,148.49000549316406
2009-11-05,148.55999755859375
2009-11-06,148.3000030517578
2009-11-09,149.67999267578125
2009-11-10,149.6300048828125
2009-11-11,149.63999938964844
2009-11-12,148.22999572753906
2009-11-13,149.00999450683594
2009-11-16,149.57000732421875
2009-11-17,148.5399932861328
2009-11-18,149.39999389648438
2009-11-19,148.99000549316406
2009-11-20,148.44000244140625
2009-11-23,149.50999450683594
2009-11-24,149.4600067138672
2009-11-25,151.25999450683594
2009-11-27,149.38999938964844
2009-11-30,149.9199981689453
2009-12-01,150.66000366210938
2009-12-02,150.27999877929688
2009-12-03,150.52000427246094
2009-12-04,148.24000549316406
2009-12-07,147.89999389648438
2009-12-08,146.8000030517578
2009-12-09,147.0800018310547
2009-12-10,147.0800018310547
2009-12-11,146.0500030517578
2009-12-14,146.3000030517578
2009-12-15,145.1300048828125
2009-12-16,145.10000610351562
2009-12-17,143.1999969482422
2009-12-18,143.1199951171875
2009-12-21,142.6199951171875
2009-12-22,142.2899932861328
2009-12-23,143.00999450683594
2009-12-24,143.2899932861328
2009-12-28,143.55999755859375
2009-12-29,143.3000030517578
2009-12-30,143.1199951171875
2009-12-31,142.91000366210938
2010-01-04,143.86000061035156
2010-01-05,143.4600067138672
2010-01-06,143.88999938964844
2010-01-07,142.97000122070312
2010-01-08,143.91000366210938
2010-01-11,144.94000244140625
2010-01-12,144.64999389648438
2010-01-13,144.8300018310547
2010-01-14,144.75999450683594
2010-01-15,143.5500030517578
2010-01-19,142.77999877929688
2010-01-20,140.77999877929688
2010-01-21,140.6999969482422
2010-01-22,141.13999938964844
2010-01-25,141.25999450683594
2010-01-26,140.5500030517578
2010-01-27,139.9600067138672
2010-01-28,139.4600067138672
2010-01-29,138.38999938964844
2010-02-01,139.0500030517578
2010-02-02,139.3800048828125
2010-02-03,138.7100067138672
2010-02-04,137.16000366210938
2010-02-05,136.39999389648438
2010-02-08,136.3699951171875
2010-02-09,137.52000427246094
2010-02-10,137.05999755859375
2010-02-11,136.58999633789062
2010-02-12,135.8699951171875
2010-02-16,137.41000366210938
2010-02-17,135.82000732421875
2010-02-18,135.86000061035156
2010-02-19,135.64999389648438
2010-02-22,135.6999969482422
2010-02-23,134.75
2010-02-24,135.0500030517578
2010-02-25,135.27000427246094
2010-02-26,135.85000610351562
2010-03-01,135.32000732421875
2010-03-02,135.82000732421875
2010-03-03,136.64999389648438
2010-03-04,135.63999938964844
2010-03-05,135.91000366210938
2010-03-08,136.0
2010-03-09,135.7100067138672
2010-03-10,136.22000122070312
2010-03-11,136.47999572753906
2010-03-12,137.3000030517578
2010-03-15,136.44000244140625
2010-03-16,137.47000122070312
2010-03-17,137.11000061035156
2010-03-18,135.8000030517578
2010-03-19,135.05999755859375
2010-03-22,135.2100067138672
2010-03-23,134.6699981689453
2010-03-24,132.94000244140625
2010-03-25,132.52000427246094
2010-03-26,133.8000030517578
2010-03-29,134.4600067138672
2010-03-30,133.8300018310547
2010-03-31,134.72999572753906
2010-04-01,135.50999450683594
2010-04-05,134.47999572753906
2010-04-06,133.72999572753906
2010-04-07,133.22000122070312
2010-04-08,133.16000366210938
2010-04-09,134.5800018310547
2010-04-12,135.47999572753906
2010-04-13,135.50999450683594
2010-04-14,136.22000122070312
2010-04-15,135.47000122070312
2010-04-16,134.77000427246094
2010-04-19,134.50999450683594
2010-04-20,134.10000610351562
2010-04-21,133.64999389648438
2010-04-22,132.77999877929688
2010-04-23,133.3699951171875
2010-04-26,133.3000030517578
2010-04-27,131.42999267578125
2010-04-28,131.6300048828125
2010-04-29,132.07000732421875
2010-04-30,132.77000427246094
2010-05-03,131.61000061035156
2010-05-04,129.6999969482422
2010-05-05,127.86000061035156
2010-05-06,125.95999908447266
2010-05-07,126.95999908447266
2010-05-10,127.51000213623047
2010-05-11,126.44999694824219
2010-05-12,125.91000366210938
2010-05-13,124.94999694824219
2010-05-14,123.47000122070312
2010-05-17,123.4800033569336
2010-05-18,121.7699966430664
2010-05-19,123.5
2010-05-20,124.75
2010-05-21,125.36000061035156
2010-05-24,123.41999816894531
2010-05-25,122.9800033569336
2010-05-26,121.56999969482422
2010-05-27,123.22000122070312
2010-05-28,122.37000274658203
2010-06-01,122.02999877929688
2010-06-02,122.11000061035156
2010-06-03,121.22000122070312
2010-06-04,119.27999877929688
2010-06-07,118.80000305175781
2010-06-08,119.12000274658203
2010-06-09,119.5199966430664
2010-06-10,121.05000305175781
2010-06-11,120.56999969482422
2010-06-14,121.88999938964844
2010-06-15,123.06999969482422
2010-06-16,122.62999725341797
2010-06-17,123.48999786376953
2010-06-18,123.36000061035156
2010-06-21,122.77999877929688
2010-06-22,122.37999725341797
2010-06-23,122.69000244140625
2010-06-24,122.86000061035156
2010-06-25,123.44000244140625
2010-06-28,122.33000183105469
2010-06-29,121.55999755859375
2010-06-30,121.87000274658203
2010-07-01,124.7699966430664
2010-07-02,125.08000183105469
2010-07-06,125.80000305175781
2010-07-07,126.01000213623047
2010-07-08,126.5
2010-07-09,126.0
2010-07-12,125.4800033569336
2010-07-13,126.7300033569336
2010-07-14,126.97000122070312
2010-07-15,128.91000366210938
2010-07-16,128.82000732421875
2010-07-19,128.97999572753906
2010-07-20,128.49000549316406
2010-07-21,127.2699966430664
2010-07-22,128.4199981689453
2010-07-23,128.72000122070312
2010-07-26,129.50999450683594
2010-07-27,129.5800018310547
2010-07-28,129.44000244140625
2010-07-29,130.30999755859375
2010-07-30,129.8800048828125
2010-08-02,131.25999450683594
2010-08-03,131.8699951171875
2010-08-04,131.17999267578125
2010-08-05,131.4600067138672
2010-08-06,132.4499969482422
2010-08-09,131.8300018310547
2010-08-10,131.38999938964844
2010-08-11,128.41000366210938
2010-08-12,127.81999969482422
2010-08-13,127.08000183105469
2010-08-16,127.73999786376953
2010-08-17,128.33999633789062
2010-08-18,128.13999938964844
2010-08-19,127.75
2010-08-20,126.6500015258789
2010-08-23,126.19999694824219
2010-08-24,126.27999877929688
2010-08-25,126.06999969482422
2010-08-26,126.8499984741211
2010-08-27,126.88999938964844
2010-08-30,126.20999908447266
2010-08-31,126.25
2010-09-01,127.55999755859375
2010-09-02,127.7699966430664
2010-09-03,128.47000122070312
2010-09-07,126.4800033569336
2010-09-08,126.68000030517578
2010-09-09,126.58999633789062
2010-09-10,126.66000366210938
2010-09-13,128.25999450683594
2010-09-14,129.58999633789062
2010-09-15,129.6199951171875
2010-09-16,130.3000030517578
2010-09-17,129.8800048828125
2010-09-20,130.1300048828125
2010-09-21,131.8300018310547
2010-09-22,133.41000366210938
2010-09-23,132.6999969482422
2010-09-24,134.41000366210938
2010-09-27,134.1999969482422
2010-09-28,135.2899932861328
2010-09-29,135.7899932861328
2010-09-30,135.80999755859375
2010-10-01,137.25
2010-10-04,136.38999938964844
2010-10-05,137.85000610351562
2010-10-06,138.8300018310547
2010-10-07,138.6199951171875
2010-10-08,138.75
2010-10-11,138.1999969482422
2010-10-12,138.64999389648438
2010-10-13,139.0399932861328
2010-10-14,140.22000122070312
2010-10-15,139.25
2010-10-18,139.4199981689453
2010-10-19,136.80999755859375
2010-10-20,138.97000122070312
2010-10-21,138.72999572753906
2010-10-22,138.77999877929688
2010-10-25,139.19000244140625
2010-10-26,138.0399932861328
2010-10-27,137.1699981689453
2010-10-28,138.77000427246094
2010-10-29,138.69000244140625
2010-11-01,138.36000061035156
2010-11-02,139.75999450683594
2010-11-03,140.6999969482422
2010-11-04,141.5
2010-11-05,139.8300018310547
2010-11-08,138.6699981689453
2010-11-09,137.27000427246094
2010-11-10,137.24000549316406
2010-11-11,136.07000732421875
2010-11-12,136.39999389648438
2010-11-15,135.17999267578125
2010-11-16,134.35000610351562
2010-11-17,134.64999389648438
2010-11-18,135.77999877929688
2010-11-19,136.36000061035156
2010-11-22,135.7100067138672
2010-11-23,133.22999572753906
2010-11-24,132.75999450683594
2010-11-26,131.97999572753906
2010-11-29,130.72999572753906
2010-11-30,129.3000030517578
2010-12-01,130.8699951171875
2010-12-02,131.77000427246094
2010-12-03,133.5800018310547
2010-12-06,132.63999938964844
2010-12-07,132.22999572753906
2010-12-08,132.1300048828125
2010-12-09,131.89999389648438
2010-12-10,131.7899932861328
2010-12-13,133.4199981689453
2010-12-14,133.3000030517578
2010-12-15,131.69000244140625
2010-12-16,131.8800048828125
2010-12-17,131.36000061035156
2010-12-20,130.72999572753906
2010-12-21,130.44000244140625
2010-12-22,130.47000122070312
2010-12-23,130.6699981689453
2010-12-27,131.0800018310547
2010-12-28,130.6699981689453
2010-12-29,131.7100067138672
2010-12-30,132.35000610351562
2010-12-31,133.08999633789062
2011-01-03,132.97000122070312
2011-01-04,132.4499969482422
2011-01-05,131.0399932861328
2011-01-06,129.63999938964844
2011-01-07,128.58999633789062
2011-01-10,129.0399932861328
2011-01-11,129.27999877929688
2011-01-12,130.77999877929688
2011-01-13,132.9600067138672
2011-01-14,133.1999969482422
2011-01-18,133.2899932861328
2011-01-19,134.1699981689453
2011-01-20,134.2100067138672
2011-01-21,135.6300048828125
2011-01-24,135.9199981689453
2011-01-25,136.27999877929688
2011-01-26,136.35000610351562
2011-01-27,136.86000061035156
2011-01-28,135.57000732421875
2011-01-31,136.3800048828125
2011-02-01,137.77999877929688
2011-02-02,137.5500030517578
2011-02-03,135.8000030517578
2011-02-04,135.36000061035156
2011-02-07,135.33999633789062
2011-02-08,135.8000030517578
2011-02-09,136.7899932861328
2011-02-10,135.42999267578125
2011-02-11,134.97000122070312
2011-02-14,134.33999633789062
2011-02-15,134.2899932861328
2011-02-16,135.1699981689453
2011-02-17,135.52999877929688
2011-02-18,136.32000732421875
2011-02-22,135.97999572753906
2011-02-23,136.91000366210938
2011-02-24,137.47000122070312
2011-02-25,136.97999572753906
2011-02-28,137.42999267578125
2011-03-01,137.16000366210938
2011-03-02,138.08999633789062
2011-03-03,139.0399932861328
2011-03-04,139.27999877929688
2011-03-07,139.17999267578125
2011-03-08,138.4199981689453
2011-03-09,138.47000122070312
2011-03-10,137.3300018310547
2011-03-11,138.47000122070312
2011-03-14,139.44000244140625
2011-03-15,139.41000366210938
2011-03-16,138.32000732421875
2011-03-17,139.6300048828125
2011-03-18,141.13999938964844
2011-03-21,141.63999938964844
2011-03-22,141.39999389648438
2011-03-23,140.4600067138672
2011-03-24,141.1300048828125
2011-03-25,140.1699981689453
2011-03-28,140.36000061035156
2011-03-29,140.49000549316406
2011-03-30,140.69000244140625
2011-03-31,141.16000366210938
2011-04-01,141.66000366210938
2011-04-04,141.6300048828125
2011-04-05,141.6699981689453
2011-04-06,142.74000549316406
2011-04-07,142.47000122070312
2011-04-08,144.0
2011-04-11,143.7100067138672
2011-04-12,144.1999969482422
2011-04-13,143.88999938964844
2011-04-14,144.38999938964844
2011-04-15,143.69000244140625
2011-04-18,141.75999450683594
2011-04-19,142.75
2011-04-20,144.57000732421875
2011-04-21,145.00999450683594
2011-04-25,145.27000427246094
2011-04-26,145.86000061035156
2011-04-27,147.41000366210938
2011-04-28,147.64999389648438
2011-04-29,147.5399932861328
2011-05-02,147.74000549316406
2011-05-03,147.74000549316406
2011-05-04,147.72000122070312
2011-05-05,144.69000244140625
2011-05-06,143.0
2011-05-09,142.9499969482422
2011-05-10,143.44000244140625
2011-05-11,141.49000549316406
2011-05-12,141.83999633789062
2011-05-13,140.52000427246094
2011-05-16,141.25999450683594
2011-05-17,141.69000244140625
2011-05-18,141.85000610351562
2011-05-19,142.55999755859375
2011-05-20,141.02999877929688
2011-05-23,139.94000244140625
2011-05-24,140.5399932861328
2011-05-25,140.3300018310547
2011-05-26,140.85000610351562
2011-05-27,142.35000610351562
2011-05-31,143.3800048828125
2011-06-01,142.80999755859375
2011-06-02,144.33999633789062
2011-06-03,145.74000549316406
2011-06-06,145.0500030517578
2011-06-07,146.24000549316406
2011-06-08,145.13999938964844
2011-06-09,144.52999877929688
2011-06-10,142.7899932861328
2011-06-13,143.57000732421875
2011-06-14,143.9199981689453
2011-06-15,141.16000366210938
2011-06-16,141.27999877929688
2011-06-17,142.5399932861328
2011-06-20,142.47000122070312
2011-06-21,143.50999450683594
2011-06-22,143.0399932861328
2011-06-23,142.10000610351562
2011-06-24,141.32000732421875
2011-06-27,142.27999877929688
2011-06-28,143.10000610351562
2011-06-29,143.80999755859375
2011-06-30,144.47999572753906
2011-07-01,144.74000549316406
2011-07-05,143.67999267578125
2011-07-06,142.5500030517578
2011-07-07,142.97000122070312
2011-07-08,142.0399932861328
2011-07-11,139.57000732421875
2011-07-12,139.19000244140625
2011-07-13,140.86000061035156
2011-07-14,140.77000427246094
2011-07-15,140.9499969482422
2011-07-18,140.58999633789062
2011-07-19,140.86000061035156
2011-07-20,141.72000122070312
2011-07-21,143.22000122070312
2011-07-22,143.14999389648438
2011-07-25,143.1999969482422
2011-07-26,144.61000061035156
2011-07-27,143.22999572753906
2011-07-28,142.5399932861328
2011-07-29,143.13999938964844
2011-08-01,142.0
2011-08-02,141.52999877929688
2011-08-03,142.6199951171875
2011-08-04,140.66000366210938
2011-08-05,142.25
2011-08-08,141.55999755859375
2011-08-09,142.82000732421875
2011-08-10,141.27999877929688
2011-08-11,141.72000122070312
2011-08-12,141.9600067138672
2011-08-15,143.83999633789062
2011-08-16,143.52999877929688
2011-08-17,143.80999755859375
2011-08-18,142.8300018310547
2011-08-19,143.39999389648438
2011-08-22,143.11000061035156
2011-08-23,143.88999938964844
2011-08-24,143.64999389648438
2011-08-25,143.32000732421875
2011-08-26,144.42999267578125
2011-08-29,144.58999633789062
2011-08-30,143.99000549316406
2011-08-31,143.1199951171875
2011-09-01,142.14999389648438
2011-09-02,141.38999938964844
2011-09-06,139.4600067138672
2011-09-07,140.5
2011-09-08,138.33999633789062
2011-09-09,136.08999633789062
2011-09-12,136.1300048828125
2011-09-13,136.4199981689453
2011-09-14,136.99000549316406
2011-09-15,138.35000610351562
2011-09-16,137.4600067138672
2011-09-19,136.3800048828125
2011-09-20,136.19000244140625
2011-09-21,135.4499969482422
2011-09-22,134.24000549316406
2011-09-23,134.72999572753906
2011-09-26,134.60000610351562
2011-09-27,135.42999267578125
2011-09-28,134.9600067138672
2011-09-29,135.41000366210938
2011-09-30,133.47000122070312
2011-10-03,131.5500030517578
2011-10-04,132.69000244140625
2011-10-05,132.94000244140625
2011-10-06,134.0
2011-10-07,133.36000061035156
2011-10-10,136.00999450683594
2011-10-11,136.27000427246094
2011-10-12,137.36000061035156
2011-10-13,137.33999633789062
2011-10-14,138.22000122070312
2011-10-17,136.88999938964844
2011-10-18,137.10000610351562
2011-10-19,136.94000244140625
2011-10-20,137.30999755859375
2011-10-21,138.44000244140625
2011-10-24,138.75
2011-10-25,138.49000549316406
2011-10-26,138.5399932861328
2011-10-27,141.35000610351562
2011-10-28,141.0500030517578
2011-10-31,137.8699951171875
2011-11-01,136.42999267578125
2011-11-02,136.8000030517578
2011-11-03,137.58999633789062
2011-11-04,137.1300048828125
2011-11-07,137.27000427246094
2011-11-08,137.85000610351562
2011-11-09,135.02999877929688
2011-11-10,135.50999450683594
2011-11-11,137.0
2011-11-14,135.72000122070312
2011-11-15,134.8000030517578
2011-11-16,134.22999572753906
2011-11-17,134.14999389648438
2011-11-18,134.6199951171875
2011-11-21,134.5
2011-11-22,134.58999633789062
2011-11-23,132.8699951171875
2011-11-25,131.89999389648438
2011-11-28,132.60000610351562
2011-11-29,132.75999450683594
2011-11-30,133.85000610351562
2011-12-01,134.11000061035156
2011-12-02,133.5500030517578
2011-12-05,133.44000244140625
2011-12-06,133.47999572753906
2011-12-07,133.52999877929688
2011-12-08,132.85000610351562
2011-12-09,133.1999969482422
2011-12-12,131.38999938964844
2011-12-13,129.8000030517578
2011-12-14,129.33999633789062
2011-12-15,129.63999938964844
2011-12-16,129.8800048828125
2011-12-19,129.42999267578125
2011-12-20,130.27000427246094
2011-12-21,129.91000366210938
2011-12-22,129.99000549316406
2011-12-23,129.89999389648438
2011-12-27,130.1699981689453
2011-12-28,128.8699951171875
2011-12-29,129.14999389648438
2011-12-30,128.9199981689453
2012-01-03,130.02000427246094
2012-01-04,128.9600067138672
2012-01-05,127.44999694824219
2012-01-06,126.70999908447266
2012-01-09,127.20999908447266
2012-01-10,127.22000122070312
2012-01-11,126.55999755859375
2012-01-12,127.76000213623047
2012-01-13,126.33000183105469
2012-01-17,126.80999755859375
2012-01-18,128.08999633789062
2012-01-19,129.16000366210938
2012-01-20,128.7899932861328
2012-01-23,129.8300018310547
2012-01-24,129.72999572753906
2012-01-25,130.60000610351562
2012-01-26,130.47999572753906
2012-01-27,131.6300048828125
2012-01-30,130.7100067138672
2012-01-31,130.27000427246094
2012-02-01,130.97000122070312
2012-02-02,130.8800048828125
2012-02-03,130.9199981689453
2012-02-06,130.72999572753906
2012-02-07,131.97000122070312
2012-02-08,132.00999450683594
2012-02-09,132.27999877929688
2012-02-10,131.17999267578125
2012-02-13,131.33999633789062
2012-02-14,130.63999938964844
2012-02-15,130.05999755859375
2012-02-16,130.83999633789062
2012-02-17,131.02000427246094
2012-02-21,131.82000732421875
2012-02-22,131.85000610351562
2012-02-23,133.13999938964844
2012-02-24,134.07000732421875
2012-02-27,133.39999389648438
2012-02-28,134.02000427246094
2012-02-29,132.6199951171875
2012-03-01,132.47999572753906
2012-03-02,131.4600067138672
2012-03-05,131.60000610351562
2012-03-06,130.58999633789062
2012-03-07,130.8800048828125
2012-03-08,132.0800018310547
2012-03-09,130.58999633789062
2012-03-12,130.91000366210938
2012-03-13,130.13999938964844
2012-03-14,129.67999267578125
2012-03-15,130.24000549316406
2012-03-16,131.0800018310547
2012-03-19,131.75999450683594
2012-03-20,131.6300048828125
2012-03-21,131.47000122070312
2012-03-22,131.25
2012-03-23,132.07000732421875
2012-03-26,132.9600067138672
2012-03-27,132.60000610351562
2012-03-28,132.5800018310547
2012-03-29,132.30999755859375
2012-03-30,132.72000122070312
2012-04-02,132.6699981689453
2012-04-03,131.6999969482422
2012-04-04,130.75
2012-04-05,130.0399932861328
2012-04-09,130.5
2012-04-10,130.19000244140625
2012-04-11,130.42999267578125
2012-04-12,131.27999877929688
2012-04-13,130.14999389648438
2012-04-16,130.74000549316406
2012-04-17,130.6199951171875
2012-04-18,130.52999877929688
2012-04-19,130.69000244140625
2012-04-20,131.47999572753906
2012-04-23,130.85000610351562
2012-04-24,131.1999969482422
2012-04-25,131.55999755859375
2012-04-26,131.72999572753906
2012-04-27,131.7100067138672
2012-04-30,131.7100067138672
2012-05-01,131.72000122070312
2012-05-02,130.89999389648438
2012-05-03,130.88999938964844
2012-05-04,130.25
2012-05-07,129.89999389648438
2012-05-08,129.4600067138672
2012-05-09,128.82000732421875
2012-05-10,128.7899932861328
2012-05-11,128.55999755859375
2012-05-14,127.7300033569336
2012-05-15,126.66000366210938
2012-05-16,126.44000244140625
2012-05-17,126.41000366210938
2012-05-18,127.08999633789062
2012-05-21,127.55999755859375
2012-05-22,126.16999816894531
2012-05-23,125.38999938964844
2012-05-24,124.68000030517578
2012-05-25,124.4800033569336
2012-05-29,124.36000061035156
2012-05-30,123.05999755859375
2012-05-31,123.02999877929688
2012-06-01,123.55000305175781
2012-06-04,124.30999755859375
2012-06-05,123.91000366210938
2012-06-06,125.12999725341797
2012-06-07,125.0
2012-06-08,124.3499984741211
2012-06-11,124.16999816894531
2012-06-12,124.37999725341797
2012-06-13,125.04000091552734
2012-06-14,125.51000213623047
2012-06-15,125.91999816894531
2012-06-18,125.08999633789062
2012-06-19,126.13999938964844
2012-06-20,126.12999725341797
2012-06-21,124.7699966430664
2012-06-22,124.93000030517578
2012-06-25,124.33000183105469
2012-06-26,124.26000213623047
2012-06-27,123.9800033569336
2012-06-28,123.80000305175781
2012-06-29,125.87999725341797
2012-07-02,125.16999816894531
2012-07-03,125.43000030517578
2012-07-05,123.22000122070312
2012-07-06,122.13999938964844
2012-07-09,122.44999694824219
2012-07-10,121.83000183105469
2012-07-11,121.75
2012-07-12,121.37000274658203
2012-07-13,121.72000122070312
2012-07-16,122.08999633789062
2012-07-17,122.16999816894531
2012-07-18,122.11000061035156
2012-07-19,122.05999755859375
2012-07-20,120.91000366210938
2012-07-23,120.66000366210938
2012-07-24,120.0199966430664
2012-07-25,120.8499984741211
2012-07-26,122.1500015258789
2012-07-27,122.29000091552734
2012-07-30,121.86000061035156
2012-07-31,122.30000305175781
2012-08-01,121.5
2012-08-02,121.0999984741211
2012-08-03,123.05000305175781
2012-08-06,123.20999908447266
2012-08-07,123.23999786376953
2012-08-08,122.86000061035156
2012-08-09,122.23999786376953
2012-08-10,122.20999908447266
2012-08-13,122.62000274658203
2012-08-14,122.5199966430664
2012-08-15,122.12000274658203
2012-08-16,122.80999755859375
2012-08-17,122.58999633789062
2012-08-20,122.73999786376953
2012-08-21,123.9000015258789
2012-08-22,124.4800033569336
2012-08-23,124.8499984741211
2012-08-24,124.3499984741211
2012-08-27,124.23999786376953
2012-08-28,124.91000366210938
2012-08-29,124.5199966430664
2012-08-30,124.30999755859375
2012-08-31,124.9800033569336
2012-09-04,124.86000061035156
2012-09-05,125.16000366210938
2012-09-06,125.5999984741211
2012-09-07,127.29000091552734
2012-09-10,126.80000305175781
2012-09-11,127.80999755859375
2012-09-12,128.11000061035156
2012-09-13,129.11000061035156
2012-09-14,130.39999389648438
2012-09-17,130.27000427246094
2012-09-18,129.55999755859375
2012-09-19,129.72000122070312
2012-09-20,128.85000610351562
2012-09-21,129.0500030517578
2012-09-24,128.42999267578125
2012-09-25,128.2100067138672
2012-09-26,127.80000305175781
2012-09-27,128.2899932861328
2012-09-28,127.69000244140625
2012-10-01,128.0399932861328
2012-10-02,128.35000610351562
2012-10-03,128.1999969482422
2012-10-04,129.33999633789062
2012-10-05,129.4499969482422
2012-10-08,128.85000610351562
2012-10-09,127.86000061035156
2012-10-10,128.16000366210938
2012-10-11,128.42999267578125
2012-10-12,128.7100067138672
2012-10-15,128.67999267578125
2012-10-16,129.6300048828125
2012-10-17,130.33999633789062
2012-10-18,129.83999633789062
2012-10-19,129.32000732421875
2012-10-22,129.6999969482422
2012-10-23,128.91000366210938
2012-10-24,128.72999572753906
2012-10-25,128.5800018310547
2012-10-26,128.47000122070312
2012-10-31,128.6999969482422
2012-11-01,128.52000427246094
2012-11-02,127.41999816894531
2012-11-05,127.0199966430664
2012-11-06,127.2699966430664
2012-11-07,126.79000091552734
2012-11-08,126.5199966430664
2012-11-09,126.2300033569336
2012-11-12,126.2300033569336
2012-11-13,126.1500015258789
2012-11-14,126.44999694824219
2012-11-15,126.80000305175781
2012-11-16,126.48999786376953
2012-11-19,127.19000244140625
2012-11-20,127.30000305175781
2012-11-21,127.31999969482422
2012-11-23,128.91000366210938
2012-11-26,128.75999450683594
2012-11-27,128.36000061035156
2012-11-28,128.5
2012-11-29,128.83999633789062
2012-11-30,129.08999633789062
2012-12-03,129.5800018310547
2012-12-04,129.99000549316406
2012-12-05,129.80999755859375
2012-12-06,128.77000427246094
2012-12-07,128.36000061035156
2012-12-10,128.5
2012-12-11,129.0800018310547
2012-12-12,129.6999969482422
2012-12-13,129.8300018310547
2012-12-14,130.61000061035156
2012-12-17,130.66000366210938
2012-12-18,131.25999450683594
2012-12-19,131.44000244140625
2012-12-20,131.4600067138672
2012-12-21,130.8699951171875
2012-12-24,130.91000366210938
2012-12-26,131.27000427246094
2012-12-27,131.41000366210938
2012-12-28,131.1699981689453
2012-12-31,130.9600067138672
2013-01-02,130.8699951171875
2013-01-03,129.5800018310547
2013-01-04,129.80999755859375
2013-01-07,130.14999389648438
2013-01-08,129.85000610351562
2013-01-09,129.63999938964844
2013-01-10,131.5
2013-01-11,132.36000061035156
2013-01-14,132.82000732421875
2013-01-15,132.1300048828125
2013-01-16,131.82000732421875
2013-01-17,132.7100067138672
2013-01-18,132.19000244140625
2013-01-22,132.14999389648438
2013-01-23,132.16000366210938
2013-01-24,132.6999969482422
2013-01-25,133.5399932861328
2013-01-28,133.5
2013-01-29,133.86000061035156
2013-01-30,134.58999633789062
2013-01-31,134.72000122070312
2013-02-01,135.49000549316406
2013-02-04,134.05999755859375
2013-02-05,134.67999267578125
2013-02-06,134.1300048828125
2013-02-07,132.9199981689453
2013-02-08,132.58999633789062
2013-02-11,132.94000244140625
2013-02-12,133.4199981689453
2013-02-13,133.36000061035156
2013-02-14,132.52000427246094
2013-02-15,132.55999755859375
2013-02-19,132.80999755859375
2013-02-20,131.67999267578125
2013-02-21,130.77999877929688
2013-02-22,130.8000030517578
2013-02-25,129.5500030517578
2013-02-26,129.57000732421875
2013-02-27,130.3300018310547
2013-02-28,129.49000549316406
2013-03-01,129.1699981689453
2013-03-04,129.1300048828125
2013-03-05,129.35000610351562
2013-03-06,128.86000061035156
2013-03-07,129.97000122070312
2013-03-08,128.9199981689453
2013-03-11,129.27999877929688
2013-03-12,129.24000549316406
2013-03-13,128.50999450683594
2013-03-14,128.99000549316406
2013-03-15,129.5399932861328
2013-03-18,128.25
2013-03-19,127.80999755859375
2013-03-20,128.3300018310547
2013-03-21,127.87000274658203
2013-03-22,128.77000427246094
2013-03-25,127.45999908447266
2013-03-26,127.5
2013-03-27,126.66000366210938
2013-03-28,127.08999633789062
2013-04-01,127.33999633789062
2013-04-02,127.05000305175781
2013-04-03,127.37999725341797
2013-04-04,128.27999877929688
2013-04-05,128.97999572753906
2013-04-08,128.92999267578125
2013-04-09,129.7100067138672
2013-04-10,129.55999755859375
2013-04-11,129.85000610351562
2013-04-12,129.8699951171875
2013-04-15,129.17999267578125
2013-04-16,130.64999389648438
2013-04-17,129.16000366210938
2013-04-18,129.38999938964844
2013-04-19,129.47000122070312
2013-04-22,129.4600067138672
2013-04-23,128.83999633789062
2013-04-24,129.02000427246094
2013-04-25,128.88999938964844
2013-04-26,129.17999267578125
2013-04-29,129.80999755859375
2013-04-30,130.52999877929688
2013-05-01,130.66000366210938
2013-05-02,129.47999572753906
2013-05-03,129.99000549316406
2013-05-06,129.5800018310547
2013-05-07,129.60000610351562
2013-05-08,130.3800048828125
2013-05-09,129.16000366210938
2013-05-10,128.6699981689453
2013-05-13,128.52999877929688
2013-05-14,128.19000244140625
2013-05-15,127.61000061035156
2013-05-16,127.62999725341797
2013-05-17,127.12999725341797
2013-05-20,127.73999786376953
2013-05-21,127.88999938964844
2013-05-22,127.37999725341797
2013-05-23,128.22999572753906
2013-05-24,128.16000366210938
2013-05-28,127.45999908447266
2013-05-29,128.2100067138672
2013-05-30,129.2100067138672
2013-05-31,128.77999877929688
2013-06-03,129.52000427246094
2013-06-04,129.6199951171875
2013-06-05,129.6999969482422
2013-06-06,131.24000549316406
2013-06-07,130.9600067138672
2013-06-10,131.3300018310547
2013-06-11,131.9199981689453
2013-06-12,132.07000732421875
2013-06-13,132.36000061035156
2013-06-14,132.22000122070312
2013-06-17,132.52999877929688
2013-06-18,132.72999572753906
2013-06-19,131.57000732421875
2013-06-20,130.92999267578125
2013-06-21,130.0399932861328
2013-06-24,130.02000427246094
2013-06-25,129.75
2013-06-26,128.86000061035156
2013-06-27,129.16000366210938
2013-06-28,128.92999267578125
2013-07-01,129.4199981689453
2013-07-02,128.52000427246094
2013-07-03,128.8800048828125
2013-07-05,127.0999984741211
2013-07-08,127.47000122070312
2013-07-09,126.63999938964844
2013-07-10,127.5999984741211
2013-07-11,129.77999877929688
2013-07-12,129.42999267578125
2013-07-15,129.44000244140625
2013-07-16,130.41000366210938
2013-07-17,129.9499969482422
2013-07-18,129.82000732421875
2013-07-19,130.1699981689453
2013-07-22,130.58999633789062
2013-07-23,130.97000122070312
2013-07-24,130.6699981689453
2013-07-25,131.55999755859375
2013-07-26,131.52000427246094
2013-07-29,131.33999633789062
2013-07-30,131.3000030517578
2013-07-31,131.74000549316406
2013-08-01,130.74000549316406
2013-08-02,131.5500030517578
2013-08-05,131.30999755859375
2013-08-06,131.74000549316406
2013-08-07,132.07000732421875
2013-08-08,132.5399932861328
2013-08-09,132.1199951171875
2013-08-12,131.7100067138672
2013-08-13,131.3300018310547
2013-08-14,131.2899932861328
2013-08-15,132.22999572753906
2013-08-16,132.0
2013-08-19,132.0399932861328
2013-08-20,132.88999938964844
2013-08-21,132.2100067138672
2013-08-22,132.2100067138672
2013-08-23,132.52000427246094
2013-08-26,132.36000061035156
2013-08-27,132.5500030517578
2013-08-28,132.0500030517578
2013-08-29,131.0800018310547
2013-08-30,130.83999633789062
2013-09-03,130.4199981689453
2013-09-04,130.77999877929688
2013-09-05,129.8300018310547
2013-09-06,130.39999389648438
2013-09-09,131.25999450683594
2013-09-10,131.33999633789062
2013-09-11,131.8000030517578
2013-09-12,131.6300048828125
2013-09-13,131.67999267578125
2013-09-16,131.99000549316406
2013-09-17,132.22000122070312
2013-09-18,133.67999267578125
2013-09-19,133.8699951171875
2013-09-20,133.8300018310547
2013-09-23,133.5500030517578
2013-09-24,133.30999755859375
2013-09-25,133.8699951171875
2013-09-26,133.42999267578125
2013-09-27,133.80999755859375
2013-09-30,133.85000610351562
2013-10-01,133.92999267578125
2013-10-02,134.4600067138672
2013-10-03,134.82000732421875
2013-10-04,134.10000610351562
2013-10-07,134.33999633789062
2013-10-08,134.30999755859375
2013-10-09,133.80999755859375
2013-10-10,133.77999877929688
2013-10-11,134.07000732421875
2013-10-14,134.24000549316406
2013-10-15,133.74000549316406
2013-10-16,133.82000732421875
2013-10-17,135.35000610351562
2013-10-18,135.3699951171875
2013-10-21,135.36000061035156
2013-10-22,136.33999633789062
2013-10-23,136.30999755859375
2013-10-24,136.5399932861328
2013-10-25,136.5800018310547
2013-10-28,136.3800048828125
2013-10-29,135.97000122070312
2013-10-30,135.83999633789062
2013-10-31,134.2899932861328
2013-11-01,133.4499969482422
2013-11-04,133.74000549316406
2013-11-05,133.27000427246094
2013-11-06,133.77000427246094
2013-11-07,132.74000549316406
2013-11-08,132.1300048828125
2013-11-11,132.6699981689453
2013-11-12,132.88999938964844
2013-11-13,133.14999389648438
2013-11-14,133.1300048828125
2013-11-15,133.4199981689453
2013-11-18,133.5399932861328
2013-11-19,133.91000366210938
2013-11-20,132.82000732421875
2013-11-21,133.1999969482422
2013-11-22,133.97999572753906
2013-11-25,133.6999969482422
2013-11-26,134.1699981689453
2013-11-27,134.1999969482422
2013-11-29,134.3300018310547
2013-12-02,133.8800048828125
2013-12-03,134.36000061035156
2013-12-04,134.3300018310547
2013-12-05,135.16000366210938
2013-12-06,135.49000549316406
2013-12-09,135.83999633789062
2013-12-10,136.1300048828125
2013-12-11,136.30999755859375
2013-12-12,135.99000549316406
2013-12-13,135.8300018310547
2013-12-16,136.10000610351562
2013-12-17,136.0800018310547
2013-12-18,135.39999389648438
2013-12-19,135.02000427246094
2013-12-20,135.24000549316406
2013-12-23,135.38999938964844
2013-12-24,135.27999877929688
2013-12-26,135.3699951171875
2013-12-27,135.82000732421875
2013-12-30,136.39999389648438
2013-12-31,135.99000549316406
2014-01-02,135.08999633789062
2014-01-03,134.25
2014-01-06,134.7899932861328
2014-01-07,134.5800018310547
2014-01-08,134.25999450683594
2014-01-09,134.4600067138672
2014-01-10,135.0800018310547
2014-01-13,135.16000366210938
2014-01-14,135.22999572753906
2014-01-15,134.44000244140625
2014-01-16,134.6199951171875
2014-01-17,133.6699981689453
2014-01-21,134.0
2014-01-22,133.89999389648438
2014-01-23,135.36000061035156
2014-01-24,135.1699981689453
2014-01-27,135.13999938964844
2014-01-28,135.11000061035156
2014-01-29,134.9600067138672
2014-01-30,133.88999938964844
2014-01-31,133.2899932861328
2014-02-03,133.67999267578125
2014-02-04,133.55999755859375
2014-02-05,133.7899932861328
2014-02-06,134.3000030517578
2014-02-07,134.75
2014-02-10,134.82000732421875
2014-02-11,134.77999877929688
2014-02-12,134.2899932861328
2014-02-13,135.16000366210938
2014-02-14,135.3300018310547
2014-02-18,135.9199981689453
2014-02-19,135.67999267578125
2014-02-20,135.5500030517578
2014-02-21,135.7100067138672
2014-02-24,135.66000366210938
2014-02-25,135.72999572753906
2014-02-26,135.19000244140625
2014-02-27,135.4199981689453
2014-02-28,136.35000610351562
2014-03-03,135.6300048828125
2014-03-04,135.72000122070312
2014-03-05,135.6199951171875
2014-03-06,136.88999938964844
2014-03-07,137.02999877929688
2014-03-10,137.00999450683594
2014-03-11,136.88999938964844
2014-03-12,137.39999389648438
2014-03-13,136.89999389648438
2014-03-14,137.3800048828125
2014-03-17,137.5399932861328
2014-03-18,137.6300048828125
2014-03-19,136.6300048828125
2014-03-20,136.05999755859375
2014-03-21,136.25999450683594
2014-03-24,136.6699981689453
2014-03-25,136.57000732421875
2014-03-26,136.25999450683594
2014-03-27,135.7100067138672
2014-03-28,135.8300018310547
2014-03-31,136.02999877929688
2014-04-01,136.22999572753906
2014-04-02,135.94000244140625
2014-04-03,135.41000366210938
2014-04-04,135.30999755859375
2014-04-07,135.7100067138672
2014-04-08,136.22999572753906
2014-04-09,136.83999633789062
2014-04-10,137.08999633789062
2014-04-11,137.05999755859375
2014-04-14,136.4199981689453
2014-04-15,136.35000610351562
2014-04-16,136.41000366210938
2014-04-17,136.39999389648438
2014-04-21,136.19000244140625
2014-04-22,136.27000427246094
2014-04-23,136.4199981689453
2014-04-24,136.5
2014-04-25,136.57000732421875
2014-04-28,136.74000549316406
2014-04-29,136.36000061035156
2014-04-30,136.94000244140625
2014-05-01,136.88999938964844
2014-05-02,136.9499969482422
2014-05-05,137.0
2014-05-06,137.52000427246094
2014-05-07,137.3699951171875
2014-05-08,136.6999969482422
2014-05-09,135.80999755859375
2014-05-12,135.80999755859375
2014-05-13,135.27999877929688
2014-05-14,135.35000610351562
2014-05-15,135.3300018310547
2014-05-16,135.22999572753906
2014-05-19,135.32000732421875
2014-05-20,135.25
2014-05-21,135.1199951171875
2014-05-22,134.8000030517578
2014-05-23,134.5399932861328
2014-05-27,134.55999755859375
2014-05-28,134.17999267578125
2014-05-29,134.2899932861328
2014-05-30,134.52000427246094
2014-06-02,134.1999969482422
2014-06-03,134.4600067138672
2014-06-04,134.22999572753906
2014-06-05,134.80999755859375
2014-06-06,134.64999389648438
2014-06-09,134.11000061035156
2014-06-10,133.6699981689453
2014-06-11,133.49000549316406
2014-06-12,133.8800048828125
2014-06-13,133.58999633789062
2014-06-16,133.94000244140625
2014-06-17,133.6300048828125
2014-06-18,134.07000732421875
2014-06-19,134.25999450683594
2014-06-20,134.14999389648438
2014-06-23,134.22000122070312
2014-06-24,134.24000549316406
2014-06-25,134.5
2014-06-26,134.32000732421875
2014-06-27,134.63999938964844
2014-06-30,135.1199951171875
2014-07-01,134.97999572753906
2014-07-02,134.74000549316406
2014-07-03,134.25
2014-07-07,134.25
2014-07-08,134.2899932861328
2014-07-09,134.5800018310547
2014-07-10,134.2899932861328
2014-07-11,134.24000549316406
2014-07-14,134.33999633789062
2014-07-15,133.82000732421875
2014-07-16,133.42999267578125
2014-07-17,133.44000244140625
2014-07-18,133.44000244140625
2014-07-21,133.3800048828125
2014-07-22,132.83999633789062
2014-07-23,132.77999877929688
2014-07-24,132.7899932861328
2014-07-25,132.5
2014-07-28,132.5
2014-07-29,132.2899932861328
2014-07-30,132.10000610351562
2014-07-31,132.08999633789062
2014-08-01,132.3800048828125
2014-08-04,132.39999389648438
2014-08-05,131.94000244140625
2014-08-06,131.9499969482422
2014-08-07,131.8300018310547
2014-08-08,132.27000427246094
2014-08-11,132.02999877929688
2014-08-12,131.83999633789062
2014-08-13,131.7899932861328
2014-08-14,131.86000061035156
2014-08-15,132.11000061035156
2014-08-18,131.7899932861328
2014-08-19,131.3800048828125
2014-08-20,130.77999877929688
2014-08-21,130.94000244140625
2014-08-22,130.60000610351562
2014-08-25,130.08999633789062
2014-08-26,129.86000061035156
2014-08-27,130.1199951171875
2014-08-28,130.00999450683594
2014-08-29,129.5399932861328
2014-09-02,129.44000244140625
2014-09-03,129.63999938964844
2014-09-04,127.66000366210938
2014-09-05,127.69999694824219
2014-09-08,127.19999694824219
2014-09-09,127.66999816894531
2014-09-10,127.3499984741211
2014-09-11,127.3499984741211
2014-09-12,127.6500015258789
2014-09-15,127.58000183105469
2014-09-16,127.73999786376953
2014-09-17,126.88999938964844
2014-09-18,127.36000061035156
2014-09-19,126.54000091552734
2014-09-22,126.69000244140625
2014-09-23,126.76000213623047
2014-09-24,126.0
2014-09-25,125.6500015258789
2014-09-26,125.0
2014-09-29,125.0999984741211
2014-09-30,124.4800033569336
2014-10-01,124.37999725341797
2014-10-02,124.8499984741211
2014-10-03,123.33000183105469
2014-10-06,124.6500015258789
2014-10-07,124.81999969482422
2014-10-08,125.58000183105469
2014-10-09,125.05999755859375
2014-10-10,124.30999755859375
2014-10-13,125.08999633789062
2014-10-14,124.76000213623047
2014-10-15,126.18000030517578
2014-10-16,126.16999816894531
2014-10-17,125.7300033569336
2014-10-20,126.16000366210938
2014-10-21,125.30999755859375
2014-10-22,124.62000274658203
2014-10-23,124.6500015258789
2014-10-24,124.80999755859375
2014-10-27,125.19000244140625
2014-10-28,125.51000213623047
2014-10-29,124.5199966430664
2014-10-30,124.16999816894531
2014-10-31,123.48999786376953
2014-11-03,123.08999633789062
2014-11-04,123.61000061035156
2014-11-05,122.94000244140625
2014-11-06,121.94999694824219
2014-11-07,122.66999816894531
2014-11-10,122.33999633789062
2014-11-11,122.94000244140625
2014-11-12,122.4800033569336
2014-11-13,122.94999694824219
2014-11-14,123.43000030517578
2014-11-17,122.62999725341797
2014-11-18,123.47000122070312
2014-11-19,123.56999969482422
2014-11-20,123.55999755859375
2014-11-21,122.08000183105469
2014-11-24,122.55000305175781
2014-11-25,122.9000015258789
2014-11-26,123.22000122070312
2014-11-28,122.45999908447266
2014-12-01,122.86000061035156
2014-12-02,121.94999694824219
2014-12-03,121.2699966430664
2014-12-04,121.94999694824219
2014-12-05,121.02999877929688
2014-12-08,121.25
2014-12-09,121.83000183105469
2014-12-10,122.55000305175781
2014-12-11,122.0199966430664
2014-12-12,122.62999725341797
2014-12-15,122.44999694824219
2014-12-16,123.23999786376953
2014-12-17,121.54000091552734
2014-12-18,121.0
2014-12-19,120.38999938964844
2014-12-22,120.4000015258789
2014-12-23,119.83999633789062
2014-12-24,120.02999877929688
2014-12-26,119.91000366210938
2014-12-29,119.66999816894531
2014-12-30,119.66999816894531
2014-12-31,119.13999938964844
2015-01-02,118.19999694824219
2015-01-05,117.54000091552734
2015-01-06,117.16000366210938
2015-01-07,116.48999786376953
2015-01-08,116.08000183105469
2015-01-09,116.61000061035156
2015-01-12,116.52999877929688
2015-01-13,115.87999725341797
2015-01-14,116.05999755859375
2015-01-15,114.4000015258789
2015-01-16,113.91000366210938
2015-01-20,113.7300033569336
2015-01-21,114.08999633789062
2015-01-22,111.83000183105469
2015-01-23,110.33000183105469
2015-01-26,110.87999725341797
2015-01-27,112.02999877929688
2015-01-28,111.11000061035156
2015-01-29,111.44000244140625
2015-01-30,111.22000122070312
2015-02-02,111.58000183105469
2015-02-03,113.02999877929688
2015-02-04,112.12000274658203
2015-02-05,113.05999755859375
2015-02-06,111.4000015258789
2015-02-09,111.44999694824219
2015-02-10,111.36000061035156
2015-02-11,111.1500015258789
2015-02-12,112.30999755859375
2015-02-13,112.16000366210938
2015-02-17,112.37999725341797
2015-02-18,112.16999816894531
2015-02-19,111.80000305175781
2015-02-20,111.94000244140625
2015-02-23,111.52999877929688
2015-02-24,111.62000274658203
2015-02-25,111.83999633789062
2015-02-26,110.16999816894531
2015-02-27,110.12000274658203
2015-03-02,110.0
2015-03-03,109.94000244140625
2015-03-04,108.9800033569336
2015-03-05,108.51000213623047
2015-03-06,106.75
2015-03-09,106.77999877929688
2015-03-10,105.26000213623047
2015-03-11,103.66999816894531
2015-03-12,104.44999694824219
2015-03-13,103.08000183105469
2015-03-16,104.01000213623047
2015-03-17,104.19000244140625
2015-03-18,106.63999938964844
2015-03-19,104.69000244140625
2015-03-20,106.31999969482422
2015-03-23,107.83999633789062
2015-03-24,107.44000244140625
2015-03-25,107.87999725341797
2015-03-26,107.06999969482422
2015-03-27,107.16000366210938
2015-03-30,106.31999969482422
2015-03-31,105.70999908447266
2015-04-01,105.80000305175781
2015-04-02,106.98999786376953
2015-04-06,107.58999633789062
2015-04-07,106.33999633789062
2015-04-08,106.02999877929688
2015-04-09,104.7699966430664
2015-04-10,104.33000183105469
2015-04-13,104.02999877929688
2015-04-14,104.70999908447266
2015-04-15,105.06999969482422
2015-04-16,105.88999938964844
2015-04-17,106.36000061035156
2015-04-20,105.55000305175781
2015-04-21,105.54000091552734
2015-04-22,105.44999694824219
2015-04-23,106.43000030517578
2015-04-24,106.80999755859375
2015-04-27,107.04000091552734
2015-04-28,107.88999938964844
2015-04-29,109.25
2015-04-30,110.37000274658203
2015-05-01,110.1500015258789
2015-05-04,109.62000274658203
2015-05-05,110.02999877929688
2015-05-06,111.55000305175781
2015-05-07,110.75
2015-05-08,110.13999938964844
2015-05-11,109.61000061035156
2015-05-12,110.19999694824219
2015-05-13,111.4800033569336
2015-05-14,112.0999984741211
2015-05-15,112.51000213623047
2015-05-18,111.13999938964844
2015-05-19,109.55000305175781
2015-05-20,109.12999725341797
2015-05-21,109.22000122070312
2015-05-22,108.13999938964844
2015-05-26,106.81999969482422
2015-05-27,107.08999633789062
2015-05-28,107.5199966430664
2015-05-29,107.91000366210938
2015-06-01,107.30999755859375
2015-06-02,109.47000122070312
2015-06-03,110.7699966430664
2015-06-04,110.38999938964844
2015-06-05,109.12999725341797
2015-06-08,110.8499984741211
2015-06-09,110.73999786376953
2015-06-10,111.2699966430664
2015-06-11,110.69000244140625
2015-06-12,110.52999877929688
2015-06-15,110.80999755859375
2015-06-16,110.4000015258789
2015-06-17,111.37999725341797
2015-06-18,111.72000122070312
2015-06-19,111.41000366210938
2015-06-22,111.30999755859375
2015-06-23,109.66000366210938
2015-06-24,109.94000244140625
2015-06-25,110.02999877929688
2015-06-26,109.69999694824219
2015-06-29,110.37000274658203
2015-06-30,109.45999908447266
2015-07-01,108.52999877929688
2015-07-02,108.80999755859375
2015-07-06,108.51000213623047
2015-07-07,108.13999938964844
2015-07-08,108.69999694824219
2015-07-09,108.25
2015-07-10,109.41000366210938
2015-07-13,107.9800033569336
2015-07-14,108.02999877929688
2015-07-15,107.5199966430664
2015-07-16,106.80000305175781
2015-07-17,106.47000122070312
2015-07-20,106.37000274658203
2015-07-21,107.36000061035156
2015-07-22,107.16999816894531
2015-07-23,107.93000030517578
2015-07-24,107.75
2015-07-27,108.9000015258789
2015-07-28,108.55999755859375
2015-07-29,107.7699966430664
2015-07-30,107.29000091552734
2015-07-31,107.79000091552734
2015-08-03,107.48999786376953
2015-08-04,106.87999725341797
2015-08-05,107.02999877929688
2015-08-06,107.25
2015-08-07,107.5199966430664
2015-08-10,108.0999984741211
2015-08-11,108.3499984741211
2015-08-12,109.62999725341797
2015-08-13,109.44000244140625
2015-08-14,108.95999908447266
2015-08-17,108.70999908447266
2015-08-18,108.23999786376953
2015-08-19,109.19000244140625
2015-08-20,110.05000305175781
2015-08-21,111.5
2015-08-24,113.7699966430664
2015-08-25,112.76000213623047
2015-08-26,111.22000122070312
2015-08-27,110.30999755859375
2015-08-28,109.73999786376953
2015-08-31,110.05000305175781
2015-09-01,110.8499984741211
2015-09-02,110.1500015258789
2015-09-03,109.0999984741211
2015-09-04,109.30999755859375
2015-09-08,109.83999633789062
2015-09-09,109.93000030517578
2015-09-10,110.62000274658203
2015-09-11,111.22000122070312
2015-09-14,111.05999755859375
2015-09-15,110.5
2015-09-16,110.68000030517578
2015-09-17,112.19000244140625
2015-09-18,110.62999725341797
2015-09-21,109.79000091552734
2015-09-22,109.16000366210938
2015-09-23,109.63999938964844
2015-09-24,110.05999755859375
2015-09-25,109.87999725341797
2015-09-28,110.12999725341797
2015-09-29,110.31999969482422
2015-09-30,109.58000183105469
2015-10-01,109.69000244140625
2015-10-02,109.8499984741211
2015-10-05,109.63999938964844
2015-10-06,110.56999969482422
2015-10-07,110.2300033569336
2015-10-08,110.5199966430664
2015-10-09,111.29000091552734
2015-10-12,111.37000274658203
2015-10-13,111.5999984741211
2015-10-14,112.58000183105469
2015-10-15,111.51000213623047
2015-10-16,111.27999877929688
2015-10-19,111.0199966430664
2015-10-20,111.12999725341797
2015-10-21,111.12999725341797
2015-10-22,108.9000015258789
2015-10-23,107.94999694824219
2015-10-26,108.27999877929688
2015-10-27,108.2300033569336
2015-10-28,107.05000305175781
2015-10-29,107.54000091552734
2015-10-30,107.76000213623047
2015-11-02,107.94999694824219
2015-11-03,107.44999694824219
2015-11-04,106.43000030517578
2015-11-05,106.58000183105469
2015-11-06,105.30000305175781
2015-11-09,105.37000274658203
2015-11-10,104.97000122070312
2015-11-11,105.2300033569336
2015-11-12,105.87999725341797
2015-11-13,105.33999633789062
2015-11-16,104.69000244140625
2015-11-17,104.30999755859375
2015-11-18,104.36000061035156
2015-11-19,105.12999725341797
2015-11-20,104.25
2015-11-23,104.08999633789062
2015-11-24,104.29000091552734
2015-11-25,103.97000122070312
2015-11-27,103.80999755859375
2015-11-30,103.48999786376953
2015-12-01,104.16000366210938
2015-12-02,103.97000122070312
2015-12-03,107.2699966430664
2015-12-04,106.51000213623047
2015-12-07,106.2300033569336
2015-12-08,106.69000244140625
2015-12-09,107.87999725341797
2015-12-10,107.22000122070312
2015-12-11,107.62000274658203
2015-12-14,107.58999633789062
2015-12-15,106.94000244140625
2015-12-16,106.93000030517578
2015-12-17,105.94000244140625
2015-12-18,106.47000122070312
2015-12-21,106.94999694824219
2015-12-22,107.20999908447266
2015-12-23,106.95999908447266
2015-12-24,107.23999786376953
2015-12-28,107.41999816894531
2015-12-29,107.05999755859375
2015-12-30,107.0199966430664
2015-12-31,106.4000015258789
2016-01-04,106.0199966430664
2016-01-05,105.23999786376953
2016-01-06,105.62000274658203
2016-01-07,107.04000091552734
2016-01-08,106.87999725341797
2016-01-11,106.19999694824219
2016-01-12,106.2300033569336
2016-01-13,106.52999877929688
2016-01-14,106.30999755859375
2016-01-15,106.86000061035156
2016-01-19,106.76000213623047
2016-01-20,106.55999755859375
2016-01-21,106.52999877929688
2016-01-22,105.62999725341797
2016-01-25,106.20999908447266
2016-01-26,106.2699966430664
2016-01-27,106.58999633789062
2016-01-28,107.05999755859375
2016-01-29,105.97000122070312
2016-02-01,106.58999633789062
2016-02-02,106.79000091552734
2016-02-03,108.68000030517578
2016-02-04,109.63999938964844
2016-02-05,109.08000183105469
2016-02-08,109.4800033569336
2016-02-09,110.5
2016-02-10,110.45999908447266
2016-02-11,110.77999877929688
2016-02-12,110.06999969482422
2016-02-16,108.97000122070312
2016-02-17,108.87000274658203
2016-02-18,108.52999877929688
2016-02-19,108.87999725341797
2016-02-22,107.80000305175781
2016-02-23,107.75
2016-02-24,107.66000366210938
2016-02-25,107.83000183105469
2016-02-26,106.95999908447266
2016-02-29,106.37000274658203
2016-03-01,106.26000213623047
2016-03-02,106.2300033569336
2016-03-03,107.19000244140625
2016-03-04,107.58000183105469
2016-03-07,107.68000030517578
2016-03-08,107.58999633789062
2016-03-09,107.56999969482422
2016-03-10,109.30000305175781
2016-03-11,109.01000213623047
2016-03-14,108.47000122070312
2016-03-15,108.61000061035156
2016-03-16,109.80999755859375
2016-03-17,110.6500015258789
2016-03-18,110.19999694824219
2016-03-21,109.9000015258789
2016-03-22,109.63999938964844
2016-03-23,109.25
2016-03-24,109.26000213623047
2016-03-28,109.44999694824219
2016-03-29,110.37999725341797
2016-03-30,110.75
2016-03-31,111.18000030517578
2016-04-01,111.29000091552734
2016-04-04,111.30000305175781
2016-04-05,111.20999908447266
2016-04-06,111.36000061035156
2016-04-07,111.12000274658203
2016-04-08,111.38999938964844
2016-04-11,111.4000015258789
2016-04-12,111.27999877929688
2016-04-13,110.22000122070312
2016-04-14,109.97000122070312
2016-04-15,110.20999908447266
2016-04-18,110.47000122070312
2016-04-19,110.98999786376953
2016-04-20,110.27999877929688
2016-04-21,110.29000091552734
2016-04-22,109.62999725341797
2016-04-25,109.95999908447266
2016-04-26,110.23999786376953
2016-04-27,110.47000122070312
2016-04-28,110.87000274658203
2016-04-29,111.83999633789062
2016-05-02,112.48999786376953
2016-05-03,112.3499984741211
2016-05-04,112.19000244140625
2016-05-05,111.3499984741211
2016-05-06,111.33999633789062
2016-05-09,111.12000274658203
2016-05-10,111.0199966430664
2016-05-11,111.55000305175781
2016-05-12,111.05999755859375
2016-05-13,110.44999694824219
2016-05-16,110.5
2016-05-17,110.4800033569336
2016-05-18,109.52999877929688
2016-05-19,109.30999755859375
2016-05-20,109.51000213623047
2016-05-23,109.47000122070312
2016-05-24,108.73999786376953
2016-05-25,108.88999938964844
2016-05-26,109.19999694824219
2016-05-27,108.44000244140625
2016-05-31,108.58999633789062
2016-06-01,109.23999786376953
2016-06-02,108.81999969482422
2016-06-03,110.87000274658203
2016-06-06,110.87999725341797
2016-06-07,110.80999755859375
2016-06-08,111.20999908447266
2016-06-09,110.44999694824219
2016-06-10,109.80999755859375
2016-06-13,110.22000122070312
2016-06-14,109.30000305175781
2016-06-15,109.80999755859375
2016-06-16,109.68000030517578
2016-06-17,110.05999755859375
2016-06-20,110.30000305175781
2016-06-21,109.7300033569336
2016-06-22,110.25
2016-06-23,111.04000091552734
2016-06-24,108.05000305175781
2016-06-27,107.43000030517578
2016-06-28,108.05999755859375
2016-06-29,108.27999877929688
2016-06-30,108.16999816894531
2016-07-01,108.61000061035156
2016-07-05,107.88999938964844
2016-07-06,108.2699966430664
2016-07-07,107.8499984741211
2016-07-08,107.73999786376953
2016-07-11,107.81999969482422
2016-07-12,107.87000274658203
2016-07-13,108.16999816894531
2016-07-14,108.3499984741211
2016-07-15,107.88999938964844
2016-07-18,107.91999816894531
2016-07-19,107.4000015258789
2016-07-20,107.4000015258789
2016-07-21,107.44999694824219
2016-07-22,106.94999694824219
2016-07-25,107.12999725341797
2016-07-26,107.08000183105469
2016-07-27,107.73999786376953
2016-07-28,107.95999908447266
2016-07-29,108.95999908447266
2016-08-01,108.80999755859375
2016-08-02,109.37999725341797
2016-08-03,108.63999938964844
2016-08-04,108.45999908447266
2016-08-05,108.02999877929688
2016-08-08,107.9800033569336
2016-08-09,108.27999877929688
2016-08-10,108.9000015258789
2016-08-11,108.52999877929688
2016-08-12,108.72000122070312
2016-08-15,108.9800033569336
2016-08-16,109.88999938964844
2016-08-17,109.91999816894531
2016-08-18,110.72000122070312
2016-08-19,110.31999969482422
2016-08-22,110.27999877929688
2016-08-23,110.11000061035156
2016-08-24,109.68000030517578
2016-08-25,109.87999725341797
2016-08-26,109.01000213623047
2016-08-29,108.9800033569336
2016-08-30,108.5199966430664
2016-08-31,108.6500015258789
2016-09-01,109.0999984741211
2016-09-02,108.66000366210938
2016-09-06,109.47000122070312
2016-09-07,109.45999908447266
2016-09-08,109.61000061035156
2016-09-09,109.29000091552734
2016-09-12,109.37999725341797
2016-09-13,109.16000366210938
2016-09-14,109.54000091552734
2016-09-15,109.5
2016-09-16,108.58000183105469
2016-09-19,108.83999633789062
2016-09-20,108.62000274658203
2016-09-21,108.93000030517578
2016-09-22,109.08000183105469
2016-09-23,109.30999755859375
2016-09-26,109.55000305175781
2016-09-27,109.19999694824219
2016-09-28,109.16999816894531
2016-09-29,109.18000030517578
2016-09-30,109.3499984741211
2016-10-03,109.12000274658203
2016-10-04,109.02999877929688
2016-10-05,109.0199966430664
2016-10-06,108.4800033569336
2016-10-07,108.97000122070312
2016-10-10,108.37000274658203
2016-10-11,107.5999984741211
2016-10-12,107.16000366210938
2016-10-13,107.52999877929688
2016-10-14,106.7300033569336
2016-10-17,107.08000183105469
2016-10-18,106.81999969482422
2016-10-19,106.7300033569336
2016-10-20,106.29000091552734
2016-10-21,105.8499984741211
2016-10-24,105.76000213623047
2016-10-25,105.94000244140625
2016-10-26,106.05000305175781
2016-10-27,106.0
2016-10-28,106.8499984741211
2016-10-31,106.75
2016-11-01,107.5199966430664
2016-11-02,107.88999938964844
2016-11-03,108.0
2016-11-04,108.3499984741211
2016-11-07,107.36000061035156
2016-11-08,107.0999984741211
2016-11-09,106.06999969482422
2016-11-10,105.87000274658203
2016-11-11,105.47000122070312
2016-11-14,104.3499984741211
2016-11-15,104.30000305175781
2016-11-16,103.8499984741211
2016-11-17,103.29000091552734
2016-11-18,102.94000244140625
2016-11-21,103.30000305175781
2016-11-22,103.26000213623047
2016-11-23,102.55999755859375
2016-11-25,102.97000122070312
2016-11-28,103.11000061035156
2016-11-29,103.5
2016-11-30,102.9800033569336
2016-12-01,103.62999725341797
2016-12-02,103.62000274658203
2016-12-05,104.61000061035156
2016-12-06,104.16000366210938
2016-12-07,104.5999984741211
2016-12-08,103.12000274658203
2016-12-09,102.58000183105469
2016-12-12,103.33999633789062
2016-12-13,103.18000030517578
2016-12-14,102.31999969482422
2016-12-15,101.16000366210938
2016-12-16,101.47000122070312
2016-12-19,101.0199966430664
2016-12-20,100.93000030517578
2016-12-21,101.3499984741211
2016-12-22,101.36000061035156
2016-12-23,101.5199966430664
2016-12-27,101.56999969482422
2016-12-28,101.0999984741211
2016-12-29,101.87000274658203
2016-12-30,102.26000213623047
2017-01-03,100.93000030517578
2017-01-04,101.87000274658203
2017-01-05,102.9800033569336
2017-01-06,102.29000091552734
2017-01-09,102.66000366210938
2017-01-10,102.55000305175781
2017-01-11,102.69000244140625
2017-01-12,103.16999816894531
2017-01-13,103.30999755859375
2017-01-17,103.94999694824219
2017-01-18,103.2699966430664
2017-01-19,103.5199966430664
2017-01-20,103.86000061035156
2017-01-23,104.31999969482422
2017-01-24,104.16999816894531
2017-01-25,104.38999938964844
2017-01-26,103.62000274658203
2017-01-27,103.81999969482422
2017-01-30,103.80999755859375
2017-01-31,104.80999755859375
2017-02-01,104.51000213623047
2017-02-02,104.44000244140625
2017-02-03,104.63999938964844
2017-02-06,104.31999969482422
2017-02-07,103.70999908447266
2017-02-08,103.70999908447266
2017-02-09,103.45999908447266
2017-02-10,103.22000122070312
2017-02-13,102.80999755859375
2017-02-14,102.62999725341797
2017-02-15,102.87999725341797
2017-02-16,103.58000183105469
2017-02-17,102.93000030517578
2017-02-21,102.29000091552734
2017-02-22,102.5
2017-02-23,102.66999816894531
2017-02-24,102.44000244140625
2017-02-27,102.73999786376953
2017-02-28,102.77999877929688
2017-03-01,102.27999877929688
2017-03-02,101.88999938964844
2017-03-03,102.98999786376953
2017-03-06,102.62999725341797
2017-03-07,102.5
2017-03-08,102.23999786376953
2017-03-09,102.6500015258789
2017-03-10,103.66999816894531
2017-03-13,103.30000305175781
2017-03-14,102.83000183105469
2017-03-15,103.87000274658203
2017-03-16,104.41999816894531
2017-03-17,104.1500015258789
2017-03-20,104.18000030517578
2017-03-21,104.83000183105469
2017-03-22,104.66999816894531
2017-03-23,104.54000091552734
2017-03-24,104.6500015258789
2017-03-27,105.33999633789062
2017-03-28,104.80000305175781
2017-03-29,104.41000366210938
2017-03-30,103.5199966430664
2017-03-31,103.41000366210938
2017-04-03,103.43000030517578
2017-04-04,103.37999725341797
2017-04-05,103.58000183105469
2017-04-06,103.12999725341797
2017-04-07,102.66000366210938
2017-04-10,102.63999938964844
2017-04-11,102.80000305175781
2017-04-12,103.31999969482422
2017-04-13,102.88999938964844
2017-04-17,103.12000274658203
2017-04-18,104.0199966430664
2017-04-19,103.83999633789062
2017-04-20,103.83999633789062
2017-04-21,103.70999908447266
2017-04-24,105.31999969482422
2017-04-25,105.9800033569336
2017-04-26,105.66000366210938
2017-04-27,105.3499984741211
2017-04-28,105.5199966430664
2017-05-01,105.56999969482422
2017-05-02,105.8499984741211
2017-05-03,105.51000213623047
2017-05-04,106.41999816894531
2017-05-05,106.52999877929688
2017-05-08,105.8499984741211
2017-05-09,105.30000305175781
2017-05-10,105.25
2017-05-11,105.19999694824219
2017-05-12,105.83000183105469
2017-05-15,106.30999755859375
2017-05-16,107.36000061035156
2017-05-17,108.01000213623047
2017-05-18,107.58000183105469
2017-05-19,108.5199966430664
2017-05-22,108.81999969482422
2017-05-23,108.26000213623047
2017-05-24,108.5999984741211
2017-05-25,108.52999877929688
2017-05-26,108.12000274658203
2017-05-30,108.31999969482422
2017-05-31,108.7699966430664
2017-06-01,108.54000091552734
2017-06-02,109.22000122070312
2017-06-05,108.93000030517578
2017-06-06,109.19000244140625
2017-06-07,109.04000091552734
2017-06-08,108.55000305175781
2017-06-09,108.33999633789062
2017-06-12,108.44999694824219
2017-06-13,108.44999694824219
2017-06-14,108.56999969482422
2017-06-15,107.83999633789062
2017-06-16,108.41000366210938
2017-06-19,107.87000274658203
2017-06-20,107.66999816894531
2017-06-21,108.04000091552734
2017-06-22,107.9000015258789
2017-06-23,108.36000061035156
2017-06-26,108.1500015258789
2017-06-27,109.81999969482422
2017-06-28,110.13999938964844
2017-06-29,110.69000244140625
2017-06-30,110.4800033569336
2017-07-03,109.8499984741211
2017-07-05,109.69999694824219
2017-07-06,110.4800033569336
2017-07-07,110.30000305175781
2017-07-10,110.25
2017-07-11,110.88999938964844
2017-07-12,110.44000244140625
2017-07-13,110.30000305175781
2017-07-14,110.94000244140625
2017-07-17,111.05000305175781
2017-07-18,111.77999877929688
2017-07-19,111.37000274658203
2017-07-20,112.47000122070312
2017-07-21,112.8499984741211
2017-07-24,112.55999755859375
2017-07-25,112.62000274658203
2017-07-26,113.3499984741211
2017-07-27,112.87000274658203
2017-07-28,113.69000244140625
2017-07-31,114.44999694824219
2017-08-01,114.06999969482422
2017-08-02,114.61000061035156
2017-08-03,114.80000305175781
2017-08-04,113.8499984741211
2017-08-07,114.0
2017-08-08,113.54000091552734
2017-08-09,113.63999938964844
2017-08-10,113.81999969482422
2017-08-11,114.30000305175781
2017-08-14,113.8499984741211
2017-08-15,113.43000030517578
2017-08-16,113.7699966430664
2017-08-17,113.30999755859375
2017-08-18,113.69999694824219
2017-08-21,114.16000366210938
2017-08-22,113.58000183105469
2017-08-23,114.2300033569336
2017-08-24,114.0199966430664
2017-08-25,115.26000213623047
2017-08-28,115.70999908447266
2017-08-29,115.63999938964844
2017-08-30,114.8499984741211
2017-08-31,115.02999877929688
2017-09-01,114.58999633789062
2017-09-05,115.13999938964844
2017-09-06,115.12999725341797
2017-09-07,116.12000274658203
2017-09-08,116.16999816894531
2017-09-11,115.45999908447266
2017-09-12,115.58000183105469
2017-09-13,114.75
2017-09-14,114.98999786376953
2017-09-15,115.38999938964844
2017-09-18,115.41999816894531
2017-09-19,115.87000274658203
2017-09-20,114.80000305175781
2017-09-21,115.2300033569336
2017-09-22,115.33000183105469
2017-09-25,114.4000015258789
2017-09-26,113.8499984741211
2017-09-27,113.43000030517578
2017-09-28,113.7300033569336
2017-09-29,114.0999984741211
2017-10-02,113.2699966430664
2017-10-03,113.43000030517578
2017-10-04,113.56999969482422
2017-10-05,112.98999786376953
2017-10-06,113.29000091552734
2017-10-09,113.44000244140625
2017-10-10,114.06999969482422
2017-10-11,114.55999755859375
2017-10-12,114.22000122070312
2017-10-13,114.06999969482422
2017-10-16,113.79000091552734
2017-10-17,113.55999755859375
2017-10-18,113.81999969482422
2017-10-19,114.2699966430664
2017-10-20,113.62000274658203
2017-10-23,113.36000061035156
2017-10-24,113.48999786376953
2017-10-25,113.88999938964844
2017-10-26,112.36000061035156
2017-10-27,111.91999816894531
2017-10-30,112.47000122070312
2017-10-31,112.37999725341797
2017-11-01,112.08999633789062
2017-11-02,112.5
2017-11-03,111.95999908447266
2017-11-06,111.9800033569336
2017-11-07,111.79000091552734
2017-11-08,111.87000274658203
2017-11-09,112.31999969482422
2017-11-10,112.5199966430664
2017-11-13,112.55000305175781
2017-11-14,113.75
2017-11-15,113.73999786376953
2017-11-16,113.5
2017-11-17,113.75
2017-11-20,113.12000274658203
2017-11-21,113.19000244140625
2017-11-22,113.9800033569336
2017-11-24,114.98999786376953
2017-11-27,114.7300033569336
2017-11-28,114.16000366210938
2017-11-29,114.25
2017-11-30,114.7300033569336
2017-12-01,114.63999938964844
2017-12-04,114.29000091552734
2017-12-05,113.95999908447266
2017-12-06,113.69000244140625
2017-12-07,113.51000213623047
2017-12-08,113.41000366210938
2017-12-11,113.47000122070312
2017-12-12,113.2300033569336
2017-12-13,113.9800033569336
2017-12-14,113.5999984741211
2017-12-15,113.27999877929688
2017-12-18,113.55000305175781
2017-12-19,114.11000061035156
2017-12-20,114.4800033569336
2017-12-21,114.43000030517578
2017-12-22,114.23999786376953
2017-12-26,114.30999755859375
2017-12-27,114.58999633789062
2017-12-28,115.06999969482422
2017-12-29,115.61000061035156
2018-01-02,116.19999694824219
2018-01-03,115.70999908447266
2018-01-04,116.29000091552734
2018-01-05,115.97000122070312
2018-01-08,115.2699966430664
2018-01-09,114.98999786376953
2018-01-10,115.19999694824219
2018-01-11,115.9000015258789
2018-01-12,117.4000015258789
2018-01-16,118.16000366210938
2018-01-17,117.6500015258789
2018-01-18,117.87000274658203
2018-01-19,117.70999908447266
2018-01-22,118.02999877929688
2018-01-23,118.4000015258789
2018-01-24,119.41999816894531
2018-01-25,119.45999908447266
2018-01-26,119.58999633789062
2018-01-29,119.22000122070312
2018-01-30,119.3499984741211
2018-01-31,119.58000183105469
2018-02-01,120.47000122070312
2018-02-02,120.0
2018-02-05,119.29000091552734
2018-02-06,119.11000061035156
2018-02-07,118.05999755859375
2018-02-08,117.88999938964844
2018-02-09,117.79000091552734
2018-02-12,118.29000091552734
2018-02-13,118.91999816894531
2018-02-14,119.95999908447266
2018-02-15,120.33000183105469
2018-02-16,119.4000015258789
2018-02-20,118.7300033569336
2018-02-21,118.30000305175781
2018-02-22,118.61000061035156
2018-02-23,118.33000183105469
2018-02-26,118.4800033569336
2018-02-27,117.72000122070312
2018-02-28,117.41000366210938
2018-03-01,117.97000122070312
2018-03-02,118.61000061035156
2018-03-05,118.66999816894531
2018-03-06,119.29000091552734
2018-03-07,119.38999938964844
2018-03-08,118.45999908447266
2018-03-09,118.38999938964844
2018-03-12,118.68000030517578
2018-03-13,119.11000061035156
2018-03-14,118.98999786376953
2018-03-15,118.31999969482422
2018-03-16,118.16999816894531
2018-03-19,118.6500015258789
2018-03-20,117.77999877929688
2018-03-21,118.7300033569336
2018-03-22,118.44999694824219
2018-03-23,118.91000366210938
2018-03-26,119.72000122070312
2018-03-27,119.22000122070312
2018-03-28,118.30999755859375
2018-03-29,118.33000183105469
2018-04-02,118.33000183105469
2018-04-03,117.93000030517578
2018-04-04,118.08000183105469
2018-04-05,117.6500015258789
2018-04-06,118.0999984741211
2018-04-09,118.44999694824219
2018-04-10,118.75
2018-04-11,118.86000061035156
2018-04-12,118.51000213623047
2018-04-13,118.58999633789062
2018-04-16,118.94000244140625
2018-04-17,118.91999816894531
2018-04-18,118.91999816894531
2018-04-19,118.69000244140625
2018-04-20,118.05000305175781
2018-04-23,117.33999633789062
2018-04-24,117.55999755859375
2018-04-25,116.9800033569336
2018-04-26,116.33999633789062
2018-04-27,116.55999755859375
2018-04-30,116.04000091552734
2018-05-01,115.2699966430664
2018-05-02,114.75
2018-05-03,115.16000366210938
2018-05-04,114.88999938964844
2018-05-07,114.55999755859375
2018-05-08,113.9800033569336
2018-05-09,113.83999633789062
2018-05-10,114.56999969482422
2018-05-11,114.7300033569336
2018-05-14,114.66000366210938
2018-05-15,113.7300033569336
2018-05-16,113.37000274658203
2018-05-17,113.30000305175781
2018-05-18,113.02999877929688
2018-05-21,113.19999694824219
2018-05-22,113.1500015258789
2018-05-23,112.41000366210938
2018-05-24,112.58000183105469
2018-05-25,111.98999786376953
2018-05-29,110.7699966430664
2018-05-30,111.97000122070312
2018-05-31,112.23999786376953
2018-06-01,111.88999938964844
2018-06-04,112.30000305175781
2018-06-05,112.45999908447266
2018-06-06,113.01000213623047
2018-06-07,113.26000213623047
2018-06-08,112.95999908447266
2018-06-11,113.12000274658203
2018-06-12,112.80999755859375
2018-06-13,113.16999816894531
2018-06-14,111.19000244140625
2018-06-15,111.47000122070312
2018-06-18,111.5
2018-06-19,111.13999938964844
2018-06-20,111.1500015258789
2018-06-21,111.44000244140625
2018-06-22,111.9000015258789
2018-06-25,112.27999877929688
2018-06-26,111.73999786376953
2018-06-27,110.87999725341797
2018-06-28,110.97000122070312
2018-06-29,112.05999755859375
2018-07-02,111.47000122070312
2018-07-03,111.80000305175781
2018-07-05,112.18000030517578
2018-07-06,112.68000030517578
2018-07-09,112.68000030517578
2018-07-10,112.69000244140625
2018-07-11,111.95999908447266
2018-07-12,111.98999786376953
2018-07-13,112.05000305175781
2018-07-16,112.31999969482422
2018-07-17,111.87000274658203
2018-07-18,111.66000366210938
2018-07-19,111.5999984741211
2018-07-20,112.47000122070312
2018-07-23,112.1500015258789
2018-07-24,112.08000183105469
2018-07-25,112.5
2018-07-26,111.66999816894531
2018-07-27,111.80000305175781
2018-07-30,112.20999908447266
2018-07-31,112.0999984741211
2018-08-01,111.83000183105469
2018-08-02,111.12999725341797
2018-08-03,110.94999694824219
2018-08-06,110.77999877929688
2018-08-07,111.18000030517578
2018-08-08,111.33999633789062
2018-08-09,110.54000091552734
2018-08-10,109.30000305175781
2018-08-13,109.23999786376953
2018-08-14,108.76000213623047
2018-08-15,108.75
2018-08-16,109.01000213623047
2018-08-17,109.68000030517578
2018-08-20,109.97000122070312
2018-08-21,110.87000274658203
2018-08-22,111.23999786376953
2018-08-23,110.58999633789062
2018-08-24,111.41999816894531
2018-08-27,111.94999694824219
2018-08-28,112.02999877929688
2018-08-29,112.13999938964844
2018-08-30,111.87999725341797
2018-08-31,111.20999908447266
2018-09-04,110.98999786376953
2018-09-05,111.44999694824219
2018-09-06,111.37000274658203
2018-09-07,110.7300033569336
2018-09-10,111.0999984741211
2018-09-11,111.05000305175781
2018-09-12,111.38999938964844
2018-09-13,111.9800033569336
2018-09-14,111.37000274658203
2018-09-17,111.93000030517578
2018-09-18,111.79000091552734
2018-09-19,111.83000183105469
2018-09-20,112.80999755859375
2018-09-21,112.54000091552734
2018-09-24,112.48999786376953
2018-09-25,112.69999694824219
2018-09-26,112.48999786376953
2018-09-27,111.58000183105469
2018-09-28,111.16000366210938
2018-10-01,110.87999725341797
2018-10-02,110.62000274658203
2018-10-03,110.26000213623047
2018-10-04,110.25
2018-10-05,110.33999633789062
2018-10-08,110.08999633789062
2018-10-09,110.08999633789062
2018-10-10,110.2699966430664
2018-10-11,110.98999786376953
2018-10-12,110.66000366210938
2018-10-15,110.83999633789062
2018-10-16,110.87999725341797
2018-10-17,110.16999816894531
2018-10-18,109.66999816894531
2018-10-19,110.1500015258789
2018-10-22,109.73999786376953
2018-10-23,109.79000091552734
2018-10-24,109.0999984741211
2018-10-25,108.8499984741211
2018-10-26,109.16999816894531
2018-10-29,108.97000122070312
2018-10-30,108.58999633789062
2018-10-31,108.41000366210938
2018-11-01,109.19999694824219
2018-11-02,109.02999877929688
2018-11-05,109.18000030517578
2018-11-06,109.25
2018-11-07,109.47000122070312
2018-11-08,108.69000244140625
2018-11-09,108.47000122070312
2018-11-12,107.47000122070312
2018-11-13,107.95999908447266
2018-11-14,108.31999969482422
2018-11-15,108.41999816894531
2018-11-16,109.19999694824219
2018-11-19,109.55000305175781
2018-11-20,108.75
2018-11-21,108.88999938964844
2018-11-23,108.41999816894531
2018-11-26,108.37999725341797
2018-11-27,108.04000091552734
2018-11-28,108.72000122070312
2018-11-29,108.91000366210938
2018-11-30,108.2699966430664
2018-12-03,108.4800033569336
2018-12-04,108.41000366210938
2018-12-06,108.87000274658203
2018-12-07,109.11000061035156
2018-12-10,108.55999755859375
2018-12-11,108.29000091552734
2018-12-12,108.70999908447266
2018-12-13,108.6500015258789
2018-12-14,108.0199966430664
2018-12-17,108.4800033569336
2018-12-18,108.63999938964844
2018-12-19,108.7300033569336
2018-12-20,109.54000091552734
2018-12-21,108.58000183105469
2018-12-24,109.06999969482422
2018-12-26,108.5199966430664
2018-12-27,109.36000061035156
2018-12-28,109.37000274658203
2018-12-31,109.4800033569336
2019-01-02,108.44000244140625
2019-01-03,108.91000366210938
2019-01-04,108.93000030517578
2019-01-07,109.6500015258789
2019-01-08,109.30999755859375
2019-01-09,110.41000366210938
2019-01-10,109.88999938964844
2019-01-11,109.5199966430664
2019-01-14,109.55999755859375
2019-01-15,109.05000305175781
2019-01-16,108.81999969482422
2019-01-17,108.80999755859375
2019-01-18,108.58000183105469
2019-01-22,108.44000244140625
2019-01-23,108.70999908447266
2019-01-24,108.0199966430664
2019-01-25,109.0199966430664
2019-01-28,109.16000366210938
2019-01-29,109.19999694824219
2019-01-30,109.62999725341797
2019-01-31,109.30999755859375
2019-02-01,109.41999816894531
2019-02-04,109.18000030517578
2019-02-05,109.0199966430664
2019-02-06,108.55999755859375
2019-02-07,108.29000091552734
2019-02-08,108.08999633789062
2019-02-11,107.66999816894531
2019-02-12,108.19000244140625
2019-02-13,107.55000305175781
2019-02-14,107.80000305175781
2019-02-15,107.87999725341797
2019-02-19,108.29000091552734
2019-02-20,108.2699966430664
2019-02-21,108.2300033569336
2019-02-22,108.18000030517578
2019-02-25,108.44000244140625
2019-02-26,108.70999908447266
2019-02-27,108.5199966430664
2019-02-28,108.55999755859375
2019-03-01,108.45999908447266
2019-03-04,108.2300033569336
2019-03-05,108.12999725341797
2019-03-06,107.94000244140625
2019-03-07,106.69999694824219
2019-03-08,107.16999816894531
2019-03-11,107.33999633789062
2019-03-12,107.77999877929688
2019-03-13,108.1500015258789
2019-03-14,107.86000061035156
2019-03-15,108.04000091552734
2019-03-18,108.20999908447266
2019-03-19,108.36000061035156
2019-03-20,109.08000183105469
2019-03-21,108.44999694824219
2019-03-22,107.7699966430664
2019-03-25,107.93000030517578
2019-03-26,107.5
2019-03-27,107.30000305175781
2019-03-28,107.05000305175781
2019-03-29,107.0199966430664
2019-04-01,106.91999816894531
2019-04-02,106.8499984741211
2019-04-03,107.20999908447266
2019-04-04,107.06999969482422
2019-04-05,107.0
2019-04-08,107.43000030517578
2019-04-09,107.41999816894531
2019-04-10,107.5
2019-04-11,107.37999725341797
2019-04-12,107.72000122070312
2019-04-15,107.77999877929688
2019-04-16,107.58000183105469
2019-04-17,107.70999908447266
2019-04-18,107.05999755859375
2019-04-22,107.33000183105469
2019-04-23,107.0
2019-04-24,106.33000183105469
2019-04-25,106.13999938964844
2019-04-26,106.25
2019-04-29,106.58999633789062
2019-04-30,106.88999938964844
2019-05-01,106.69000244140625
2019-05-02,106.4800033569336
2019-05-03,106.73999786376953
2019-05-06,106.73999786376953
2019-05-07,106.5999984741211
2019-05-08,106.66000366210938
2019-05-09,106.91000366210938
2019-05-10,107.01000213623047
2019-05-13,107.0199966430664
2019-05-14,106.7699966430664
2019-05-15,106.7699966430664
2019-05-16,106.51000213623047
2019-05-17,106.3499984741211
2019-05-20,106.38999938964844
2019-05-21,106.33999633789062
2019-05-22,106.2699966430664
2019-05-23,106.48999786376953
2019-05-24,106.77999877929688
2019-05-28,106.3499984741211
2019-05-29,106.05000305175781
2019-05-30,106.05999755859375
2019-05-31,106.44000244140625
2019-06-03,107.12000274658203
2019-06-04,107.20999908447266
2019-06-05,106.91999816894531
2019-06-06,107.37000274658203
2019-06-07,107.91000366210938
2019-06-10,107.79000091552734
2019-06-11,107.86000061035156
2019-06-12,107.48999786376953
2019-06-13,107.3499984741211
2019-06-14,106.69000244140625
2019-06-17,106.7699966430664
2019-06-18,106.55999755859375
2019-06-19,106.9000015258789
2019-06-20,107.48999786376953
2019-06-21,108.26000213623047
2019-06-24,108.47000122070312
2019-06-25,108.22000122070312
2019-06-26,108.19000244140625
2019-06-27,108.20999908447266
2019-06-28,108.2699966430664
2019-07-01,107.44999694824219
2019-07-02,107.41000366210938
2019-07-03,107.37999725341797
2019-07-05,106.83999633789062
2019-07-08,106.68000030517578
2019-07-09,106.66999816894531
2019-07-10,107.08000183105469
2019-07-11,107.12000274658203
2019-07-12,107.2699966430664
2019-07-15,107.12999725341797
2019-07-16,106.68000030517578
2019-07-17,106.81999969482422
2019-07-18,107.29000091552734
2019-07-19,106.7300033569336
2019-07-22,106.6500015258789
2019-07-23,106.05000305175781
2019-07-24,105.94999694824219
2019-07-25,106.04000091552734
2019-07-26,105.80999755859375
2019-07-29,106.0199966430664
2019-07-30,106.12000274658203
2019-07-31,105.2699966430664
2019-08-01,105.52999877929688
2019-08-02,105.66000366210938
2019-08-05,106.45999908447266
2019-08-06,106.48999786376953
2019-08-07,106.54000091552734
2019-08-08,106.38999938964844
2019-08-09,106.5199966430664
2019-08-12,106.62000274658203
2019-08-13,106.26000213623047
2019-08-14,105.87999725341797
2019-08-15,105.69999694824219
2019-08-16,105.47000122070312
2019-08-19,105.33000183105469
2019-08-20,105.54000091552734
2019-08-21,105.41000366210938
2019-08-22,105.36000061035156
2019-08-23,105.91000366210938
2019-08-26,105.48999786376953
2019-08-27,105.43000030517578
2019-08-28,105.30000305175781
2019-08-29,105.11000061035156
2019-08-30,104.5
2019-09-03,104.2699966430664
2019-09-04,104.87000274658203
2019-09-05,104.91000366210938
2019-09-06,104.80000305175781
2019-09-09,105.0199966430664
2019-09-10,104.93000030517578
2019-09-11,104.6500015258789
2019-09-12,105.16000366210938
2019-09-13,105.2300033569336
2019-09-16,104.58000183105469
2019-09-17,105.18000030517578
2019-09-18,104.83000183105469
2019-09-19,104.94000244140625
2019-09-20,104.69999694824219
2019-09-23,104.47000122070312
2019-09-24,104.66999816894531
2019-09-25,103.98999786376953
2019-09-26,103.73999786376953
2019-09-27,103.94999694824219
2019-09-30,103.55999755859375
2019-10-01,103.91000366210938
2019-10-02,104.12999725341797
2019-10-03,104.23999786376953
2019-10-04,104.31999969482422
2019-10-07,104.2300033569336
2019-10-08,104.05000305175781
2019-10-09,104.23999786376953
2019-10-10,104.55000305175781
2019-10-11,104.87999725341797
2019-10-14,104.72000122070312
2019-10-15,104.77999877929688
2019-10-16,105.19000244140625
2019-10-17,105.6500015258789
2019-10-18,105.98999786376953
2019-10-21,105.86000061035156
2019-10-22,105.70999908447266
2019-10-23,105.69999694824219
2019-10-24,105.4000015258789
2019-10-25,105.19999694824219
2019-10-28,105.41999816894531
2019-10-29,105.5
2019-10-30,105.81999969482422
2019-10-31,105.87000274658203
2019-11-01,106.02999877929688
2019-11-04,105.63999938964844
2019-11-05,105.05000305175781
2019-11-06,105.04000091552734
2019-11-07,104.86000061035156
2019-11-08,104.61000061035156
2019-11-11,104.72000122070312
2019-11-12,104.51000213623047
2019-11-13,104.4800033569336
2019-11-14,104.5999984741211
2019-11-15,104.91000366210938
2019-11-18,105.0999984741211
2019-11-19,105.08999633789062
2019-11-20,105.08000183105469
2019-11-21,104.91999816894531
2019-11-22,104.58000183105469
2019-11-25,104.47000122070312
2019-11-26,104.58999633789062
2019-11-27,104.36000061035156
2019-11-29,104.51000213623047
2019-12-02,105.13999938964844
2019-12-03,105.08000183105469
2019-12-04,105.05999755859375
2019-12-05,105.30000305175781
2019-12-06,104.9000015258789
2019-12-09,104.91000366210938
2019-12-10,105.19999694824219
2019-12-11,105.61000061035156
2019-12-12,105.55000305175781
2019-12-13,105.41999816894531
2019-12-16,105.6500015258789
2019-12-17,105.69000244140625
2019-12-18,105.41000366210938
2019-12-19,105.4800033569336
2019-12-20,105.01000213623047
2019-12-23,105.13999938964844
2019-12-24,105.08999633789062
2019-12-26,105.25
2019-12-27,105.93000030517578
2019-12-30,106.16000366210938
2019-12-31,106.30000305175781
2020-01-02,105.8499984741211
2020-01-03,105.79000091552734
2020-01-06,106.05999755859375
2020-01-07,105.5999984741211
2020-01-08,105.29000091552734
2020-01-09,105.2699966430664
2020-01-10,105.36000061035156
2020-01-13,105.54000091552734
2020-01-14,105.41999816894531
2020-01-15,105.6500015258789
2020-01-16,105.54000091552734
2020-01-17,105.11000061035156
2020-01-21,105.05000305175781
2020-01-22,105.06999969482422
2020-01-23,104.75
2020-01-24,104.44999694824219
2020-01-27,104.37000274658203
2020-01-28,104.38999938964844
2020-01-29,104.26000213623047
2020-01-30,104.5
2020-01-31,105.04000091552734
2020-02-03,104.69999694824219
2020-02-04,104.55999755859375
2020-02-05,104.16000366210938
2020-02-06,103.94999694824219
2020-02-07,103.6500015258789
2020-02-10,103.31999969482422
2020-02-11,103.4000015258789
2020-02-12,102.9800033569336
2020-02-13,102.66000366210938
2020-02-14,102.61000061035156
2020-02-18,102.20999908447266
2020-02-19,102.33000183105469
2020-02-20,102.16000366210938
2020-02-21,102.70999908447266
2020-02-24,102.70999908447266
2020-02-25,102.9800033569336
2020-02-26,103.0
2020-02-27,104.02999877929688
2020-02-28,104.5
2020-03-02,105.36000061035156
2020-03-03,105.80999755859375
2020-03-04,105.41000366210938
2020-03-05,106.2699966430664
2020-03-06,106.98999786376953
2020-03-09,108.36000061035156
2020-03-10,106.91999816894531
2020-03-11,106.62999725341797
2020-03-12,105.80999755859375
2020-03-13,105.16000366210938
2020-03-16,105.70999908447266
2020-03-17,104.08999633789062
2020-03-18,103.12999725341797
2020-03-19,101.01000213623047
2020-03-20,100.9000015258789
2020-03-23,101.43000030517578
2020-03-24,101.91999816894531
2020-03-25,102.95999908447266
2020-03-26,104.55999755859375
2020-03-27,105.16000366210938
2020-03-30,104.5
2020-03-31,104.30000305175781
2020-04-01,103.52999877929688
2020-04-02,102.61000061035156
2020-04-03,102.29000091552734
2020-04-06,102.0999984741211
2020-04-07,103.12000274658203
2020-04-08,102.62999725341797
2020-04-09,103.37999725341797
2020-04-13,103.20999908447266
2020-04-14,103.86000061035156
2020-04-15,103.13999938964844
2020-04-16,102.54000091552734
2020-04-17,102.76000213623047
2020-04-20,102.61000061035156
2020-04-21,102.6500015258789
2020-04-22,102.26000213623047
2020-04-23,101.9000015258789
2020-04-24,102.18000030517578
2020-04-27,102.33999633789062
2020-04-28,102.37000274658203
2020-04-29,102.73999786376953
2020-04-30,103.54000091552734
2020-05-01,103.72000122070312
2020-05-04,102.94000244140625
2020-05-05,102.5
2020-05-06,101.97000122070312
2020-05-07,102.30999755859375
2020-05-08,102.37999725341797
2020-05-11,102.18000030517578
2020-05-12,102.48999786376953
2020-05-13,102.16999816894531
2020-05-14,102.02999877929688
2020-05-15,102.19000244140625
2020-05-18,103.1500015258789
2020-05-19,103.20999908447266
2020-05-20,103.69999694824219
2020-05-21,103.41999816894531
2020-05-22,102.98999786376953
2020-05-26,103.69000244140625
2020-05-27,103.86000061035156
2020-05-28,104.54000091552734
2020-05-29,104.77999877929688
2020-06-01,105.13999938964844
2020-06-02,105.43000030517578
2020-06-03,106.16999816894531
2020-06-04,106.95999908447266
2020-06-05,106.58999633789062
2020-06-08,106.66000366210938
2020-06-09,107.01000213623047
2020-06-10,107.52999877929688
2020-06-11,106.66999816894531
2020-06-12,106.2300033569336
2020-06-15,106.80999755859375
2020-06-16,106.27999877929688
2020-06-17,106.08000183105469
2020-06-18,105.72000122070312
2020-06-19,105.58000183105469
2020-06-22,106.19999694824219
2020-06-23,106.66999816894531
2020-06-24,106.19000244140625
2020-06-25,105.9000015258789
2020-06-26,105.93000030517578
2020-06-29,106.01000213623047
2020-06-30,105.98999786376953
